"prefecture_code","prefecture_name","city_code","city_name","town_code","town_name","latitude","longitude","household_id","family_type_id","family_type","num_member","abnormal_household","person_id","age","gender_id","gender","role_household_type_id","role_household_type","industry_type_id","industry_type","employment_type_id","employment_type","company_size_id","company_size","total_income"
"47","沖縄県","47356","島尻郡渡名喜村","47356001000","","26.370968184329627","127.14309997433752","49902669","0","単独世帯","1","0","114467207","24","0","男性","0","単独世帯（男性）","","","","","","",""
"47","沖縄県","47356","島尻郡渡名喜村","47356001000","","26.370092985295873","127.14371694314765","49902670","0","単独世帯","1","0","114467208","25","0","男性","0","単独世帯（男性）","50","Ｅ 製造業","10","一般労働者","10","10～99人","230500"
"47","沖縄県","47356","島尻郡渡名喜村","47356001000","","26.375099169697663","127.14266400171323","49902671","0","単独世帯","1","0","114467209","26","0","男性","0","単独世帯（男性）","190","Ｓ 公務（他に分類されるものを除く）","","","","","0"
"47","沖縄県","47356","島尻郡渡名喜村","47356001000","","26.370478346188754","127.1434463692159","49902672","0","単独世帯","1","0","114467210","26","1","女性","1","単独世帯（女性）","150","Ｏ 教育，学習支援業","10","一般労働者","100","100～999人","217200"
"47","沖縄県","47356","島尻郡渡名喜村","47356001000","","26.372358749999997","127.140777083","49902673","0","単独世帯","1","0","114467211","27","0","男性","0","単独世帯（男性）","170","Ｑ 複合サービス事業","10","一般労働者","1000","1000人以上","175100"
"47","沖縄県","47356","島尻郡渡名喜村","47356001000","","26.370362435290264","127.14541713008573","49902674","0","単独世帯","1","0","114467212","28","0","男性","0","単独世帯（男性）","190","Ｓ 公務（他に分類されるものを除く）","","","","","0"
"47","沖縄県","47356","島尻郡渡名喜村","47356001000","","26.369810469066255","127.14619489215058","49902675","0","単独世帯","1","0","114467213","28","0","男性","0","単独世帯（男性）","160","Ｐ 医療，福祉","10","一般労働者","10","10～99人","158100"
"47","沖縄県","47356","島尻郡渡名喜村","47356001000","","26.370969251602986","127.14283906053555","49902676","0","単独世帯","1","0","114467214","29","0","男性","0","単独世帯（男性）","190","Ｓ 公務（他に分類されるものを除く）","","","","","0"
"47","沖縄県","47356","島尻郡渡名喜村","47356001000","","26.371376355670083","127.14284868915573","49902677","0","単独世帯","1","0","114467215","30","0","男性","0","単独世帯（男性）","40","Ｄ 建設業","10","一般労働者","10","10～99人","234500"
"47","沖縄県","47356","島尻郡渡名喜村","47356001000","","26.370015739774598","127.14321546647079","49902678","0","単独世帯","1","0","114467216","30","1","女性","1","単独世帯（女性）","190","Ｓ 公務（他に分類されるものを除く）","","","","","0"
"47","沖縄県","47356","島尻郡渡名喜村","47356001000","","26.369913589576903","127.14274514819698","49902679","0","単独世帯","1","0","114467217","31","0","男性","0","単独世帯（男性）","","","","","","",""
"47","沖縄県","47356","島尻郡渡名喜村","47356001000","","26.371352331533995","127.14376087130721","49902680","0","単独世帯","1","0","114467218","31","1","女性","1","単独世帯（女性）","160","Ｐ 医療，福祉","20","短時間労働者","10","10～99人","92700"
"47","沖縄県","47356","島尻郡渡名喜村","47356001000","","26.37123718318958","127.14305514834413","49902681","0","単独世帯","1","0","114467219","31","1","女性","1","単独世帯（女性）","190","Ｓ 公務（他に分類されるものを除く）","","","","","0"
"47","沖縄県","47356","島尻郡渡名喜村","47356001000","","26.372082377299353","127.14248625813525","49902682","0","単独世帯","1","0","114467220","32","0","男性","0","単独世帯（男性）","190","Ｓ 公務（他に分類されるものを除く）","","","","","0"
"47","沖縄県","47356","島尻郡渡名喜村","47356001000","","26.37019870269048","127.1431680739314","49902683","0","単独世帯","1","0","114467221","32","1","女性","1","単独世帯（女性）","150","Ｏ 教育，学習支援業","10","一般労働者","1000","1000人以上","272400"
"47","沖縄県","47356","島尻郡渡名喜村","47356001000","","26.36982445456","127.14232824439182","49902684","0","単独世帯","1","0","114467222","33","0","男性","0","単独世帯（男性）","160","Ｐ 医療，福祉","10","一般労働者","5","5～9人","166000"
"47","沖縄県","47356","島尻郡渡名喜村","47356001000","","26.372350277697933","127.14234861112905","49902685","0","単独世帯","1","0","114467223","33","0","男性","0","単独世帯（男性）","130","Ｍ 宿泊業，飲食サービス業","10","一般労働者","1000","1000人以上","211400"
"47","沖縄県","47356","島尻郡渡名喜村","47356001000","","26.370735923616813","127.14349634245835","49902686","0","単独世帯","1","0","114467224","33","1","女性","1","単独世帯（女性）","190","Ｓ 公務（他に分類されるものを除く）","","","","","0"
"47","沖縄県","47356","島尻郡渡名喜村","47356001000","","26.372120063270398","127.14230445322417","49902687","0","単独世帯","1","0","114467225","34","0","男性","0","単独世帯（男性）","190","Ｓ 公務（他に分類されるものを除く）","","","","","0"
"47","沖縄県","47356","島尻郡渡名喜村","47356001000","","26.370478346188754","127.1434463692159","49902688","0","単独世帯","1","0","114467226","34","1","女性","1","単独世帯（女性）","150","Ｏ 教育，学習支援業","10","一般労働者","100","100～999人","223900"
"47","沖縄県","47356","島尻郡渡名喜村","47356001000","","26.370551689941067","127.14339328446765","49902689","0","単独世帯","1","0","114467227","35","0","男性","0","単独世帯（男性）","190","Ｓ 公務（他に分類されるものを除く）","","","","","0"
"47","沖縄県","47356","島尻郡渡名喜村","47356001000","","26.37034137847513","127.1436056239955","49902690","0","単独世帯","1","0","114467228","35","1","女性","1","単独世帯（女性）","150","Ｏ 教育，学習支援業","10","一般労働者","5","5～9人","211700"
"47","沖縄県","47356","島尻郡渡名喜村","47356001000","","26.370478346188754","127.1434463692159","49902691","0","単独世帯","1","0","114467229","36","0","男性","0","単独世帯（男性）","120","Ｌ 学術研究，専門・技術サービス業","10","一般労働者","10","10～99人","320000"
"47","沖縄県","47356","島尻郡渡名喜村","47356001000","","26.371081328029824","127.1425468445243","49902692","0","単独世帯","1","0","114467230","36","1","女性","1","単独世帯（女性）","190","Ｓ 公務（他に分類されるものを除く）","","","","","0"
"47","沖縄県","47356","島尻郡渡名喜村","47356001000","","26.372697214569385","127.1427583866437","49902693","0","単独世帯","1","0","114467231","37","0","男性","0","単独世帯（男性）","190","Ｓ 公務（他に分類されるものを除く）","","","","","0"
"47","沖縄県","47356","島尻郡渡名喜村","47356001000","","26.37067378196435","127.14187404721416","49902694","0","単独世帯","1","0","114467232","38","0","男性","0","単独世帯（男性）","40","Ｄ 建設業","10","一般労働者","100","100～999人","338500"
"47","沖縄県","47356","島尻郡渡名喜村","47356001000","","26.370144272410716","127.1429069816637","49902695","0","単独世帯","1","0","114467233","38","0","男性","0","単独世帯（男性）","190","Ｓ 公務（他に分類されるものを除く）","","","","","0"
"47","沖縄県","47356","島尻郡渡名喜村","47356001000","","26.355803914704573","127.14847692310201","49902696","0","単独世帯","1","0","114467234","39","0","男性","0","単独世帯（男性）","190","Ｓ 公務（他に分類されるものを除く）","","","","","0"
"47","沖縄県","47356","島尻郡渡名喜村","47356001000","","26.371697024956564","127.14368090450772","49902697","0","単独世帯","1","0","114467235","39","0","男性","0","単独世帯（男性）","190","Ｓ 公務（他に分類されるものを除く）","","","","","0"
"47","沖縄県","47356","島尻郡渡名喜村","47356001000","","26.370830098194144","127.14506873221063","49902698","0","単独世帯","1","0","114467236","40","0","男性","0","単独世帯（男性）","190","Ｓ 公務（他に分類されるものを除く）","","","","","0"
"47","沖縄県","47356","島尻郡渡名喜村","47356001000","","26.37005637","127.14045003849998","49902699","0","単独世帯","1","0","114467237","40","0","男性","0","単独世帯（男性）","190","Ｓ 公務（他に分類されるものを除く）","","","","","0"
"47","沖縄県","47356","島尻郡渡名喜村","47356001000","","26.37114772137627","127.14400046122734","49902700","0","単独世帯","1","0","114467238","41","0","男性","0","単独世帯（男性）","150","Ｏ 教育，学習支援業","10","一般労働者","1000","1000人以上","474500"
"47","沖縄県","47356","島尻郡渡名喜村","47356001000","","26.372382277554873","127.14308410000574","49902701","0","単独世帯","1","0","114467239","41","0","男性","0","単独世帯（男性）","190","Ｓ 公務（他に分類されるものを除く）","","","","","0"
"47","沖縄県","47356","島尻郡渡名喜村","47356001000","","26.370739719240618","127.14347838169022","49902702","0","単独世帯","1","0","114467240","42","0","男性","0","単独世帯（男性）","40","Ｄ 建設業","10","一般労働者","10","10～99人","262900"
"47","沖縄県","47356","島尻郡渡名喜村","47356001000","","26.370050660016236","127.14285758532792","49902703","0","単独世帯","1","0","114467241","42","0","男性","0","単独世帯（男性）","150","Ｏ 教育，学習支援業","10","一般労働者","1000","1000人以上","431600"
"47","沖縄県","47356","島尻郡渡名喜村","47356001000","","26.37054794800994","127.14372371227725","49902704","0","単独世帯","1","0","114467242","43","0","男性","0","単独世帯（男性）","40","Ｄ 建設業","10","一般労働者","10","10～99人","293400"
"47","沖縄県","47356","島尻郡渡名喜村","47356001000","","26.371433684441165","127.1431553308924","49902705","0","単独世帯","1","0","114467243","43","0","男性","0","単独世帯（男性）","40","Ｄ 建設業","10","一般労働者","10","10～99人","310200"
"47","沖縄県","47356","島尻郡渡名喜村","47356001000","","26.373227509592873","127.14358542675411","49902706","0","単独世帯","1","0","114467244","43","0","男性","0","単独世帯（男性）","40","Ｄ 建設業","10","一般労働者","5","5～9人","272500"
"47","沖縄県","47356","島尻郡渡名喜村","47356001000","","26.369760211000003","127.14153138649999","49902707","0","単独世帯","1","0","114467245","44","0","男性","0","単独世帯（男性）","150","Ｏ 教育，学習支援業","10","一般労働者","100","100～999人","339200"
"47","沖縄県","47356","島尻郡渡名喜村","47356001000","","26.370151544159498","127.14142480178371","49902708","0","単独世帯","1","0","114467246","44","0","男性","0","単独世帯（男性）","190","Ｓ 公務（他に分類されるものを除く）","","","","","0"
"47","沖縄県","47356","島尻郡渡名喜村","47356001000","","26.3737989295","127.14223588200002","49902709","0","単独世帯","1","0","114467247","45","0","男性","0","単独世帯（男性）","130","Ｍ 宿泊業，飲食サービス業","10","一般労働者","100","100～999人","254700"
"47","沖縄県","47356","島尻郡渡名喜村","47356001000","","26.371018600974203","127.14351788768508","49902710","0","単独世帯","1","0","114467248","45","0","男性","0","単独世帯（男性）","190","Ｓ 公務（他に分類されるものを除く）","","","","","0"
"47","沖縄県","47356","島尻郡渡名喜村","47356001000","","26.370349746867443","127.1423231169417","49902711","0","単独世帯","1","0","114467249","45","1","女性","1","単独世帯（女性）","170","Ｑ 複合サービス事業","10","一般労働者","1000","1000人以上","185200"
"47","沖縄県","47356","島尻郡渡名喜村","47356001000","","26.371080171000006","127.14137048850003","49902712","0","単独世帯","1","0","114467250","46","0","男性","0","単独世帯（男性）","190","Ｓ 公務（他に分類されるものを除く）","","","","","0"
"47","沖縄県","47356","島尻郡渡名喜村","47356001000","","26.371567759112313","127.14404940331009","49902713","0","単独世帯","1","0","114467251","46","0","男性","0","単独世帯（男性）","170","Ｑ 複合サービス事業","10","一般労働者","1000","1000人以上","492700"
"47","沖縄県","47356","島尻郡渡名喜村","47356001000","","26.369838203548767","127.14325397300914","49902714","0","単独世帯","1","0","114467252","47","0","男性","0","単独世帯（男性）","10","Ａ 農業，林業","","","","","0"
"47","沖縄県","47356","島尻郡渡名喜村","47356001000","","26.370655491526477","127.14223372581448","49902715","0","単独世帯","1","0","114467253","47","0","男性","0","単独世帯（男性）","","","","","","",""
"47","沖縄県","47356","島尻郡渡名喜村","47356001000","","26.370287536500005","127.142991887","49902716","0","単独世帯","1","0","114467254","48","0","男性","0","単独世帯（男性）","40","Ｄ 建設業","10","一般労働者","10","10～99人","304400"
"47","沖縄県","47356","島尻郡渡名喜村","47356001000","","26.371544200210828","127.1407944165275","49902717","0","単独世帯","1","0","114467255","48","0","男性","0","単独世帯（男性）","40","Ｄ 建設業","10","一般労働者","10","10～99人","265700"
"47","沖縄県","47356","島尻郡渡名喜村","47356001000","","26.370607199246937","127.14571229643764","49902718","0","単独世帯","1","0","114467256","48","1","女性","1","単独世帯（女性）","","","","","","",""
"47","沖縄県","47356","島尻郡渡名喜村","47356001000","","26.37177117930005","127.14141052263295","49902719","0","単独世帯","1","0","114467257","49","0","男性","0","単独世帯（男性）","190","Ｓ 公務（他に分類されるものを除く）","","","","","0"
"47","沖縄県","47356","島尻郡渡名喜村","47356001000","","26.368539620074255","127.13928204705","49902720","0","単独世帯","1","0","114467258","50","0","男性","0","単独世帯（男性）","40","Ｄ 建設業","10","一般労働者","5","5～9人","301800"
"47","沖縄県","47356","島尻郡渡名喜村","47356001000","","26.37072694926465","127.14219978351692","49902721","0","単独世帯","1","0","114467259","50","0","男性","0","単独世帯（男性）","40","Ｄ 建設業","10","一般労働者","10","10～99人","306200"
"47","沖縄県","47356","島尻郡渡名喜村","47356001000","","26.372411650243947","127.14166353063557","49902722","0","単独世帯","1","0","114467260","50","0","男性","0","単独世帯（男性）","","","","","","",""
"47","沖縄県","47356","島尻郡渡名喜村","47356001000","","26.37126875890557","127.14432884808252","49902723","0","単独世帯","1","0","114467261","50","0","男性","0","単独世帯（男性）","40","Ｄ 建設業","10","一般労働者","5","5～9人","243600"
"47","沖縄県","47356","島尻郡渡名喜村","47356001000","","26.370883472000003","127.14390166650001","49902724","0","単独世帯","1","0","114467262","51","0","男性","0","単独世帯（男性）","190","Ｓ 公務（他に分類されるものを除く）","","","","","0"
"47","沖縄県","47356","島尻郡渡名喜村","47356001000","","26.370357166883984","127.1443273227767","49902725","0","単独世帯","1","0","114467263","51","0","男性","0","単独世帯（男性）","40","Ｄ 建設業","10","一般労働者","10","10～99人","284300"
"47","沖縄県","47356","島尻郡渡名喜村","47356001000","","26.369522911008076","127.14593713024723","49902726","0","単独世帯","1","0","114467264","51","0","男性","0","単独世帯（男性）","190","Ｓ 公務（他に分類されるものを除く）","","","","","0"
"47","沖縄県","47356","島尻郡渡名喜村","47356001000","","26.3718483945","127.14332855249998","49902727","0","単独世帯","1","0","114467265","51","0","男性","0","単独世帯（男性）","190","Ｓ 公務（他に分類されるものを除く）","","","","","0"
"47","沖縄県","47356","島尻郡渡名喜村","47356001000","","26.3705763766381","127.14534103725775","49902728","0","単独世帯","1","0","114467266","51","1","女性","1","単独世帯（女性）","150","Ｏ 教育，学習支援業","10","一般労働者","10","10～99人","320300"
"47","沖縄県","47356","島尻郡渡名喜村","47356001000","","26.371018600974203","127.14351788768508","49902729","0","単独世帯","1","0","114467267","52","0","男性","0","単独世帯（男性）","160","Ｐ 医療，福祉","10","一般労働者","10","10～99人","326500"
"47","沖縄県","47356","島尻郡渡名喜村","47356001000","","26.369908657650797","127.14335314968416","49902730","0","単独世帯","1","0","114467268","52","0","男性","0","単独世帯（男性）","40","Ｄ 建設業","10","一般労働者","10","10～99人","292000"
"47","沖縄県","47356","島尻郡渡名喜村","47356001000","","26.371202196664047","127.14183387628513","49902731","0","単独世帯","1","0","114467269","52","0","男性","0","単独世帯（男性）","20","Ｂ 漁業","","","","","0"
"47","沖縄県","47356","島尻郡渡名喜村","47356001000","","26.370793175335624","127.14202152294175","49902732","0","単独世帯","1","0","114467270","52","1","女性","1","単独世帯（女性）","190","Ｓ 公務（他に分類されるものを除く）","","","","","0"
"47","沖縄県","47356","島尻郡渡名喜村","47356001000","","26.372015793500005","127.14276782049998","49902733","0","単独世帯","1","0","114467271","53","0","男性","0","単独世帯（男性）","130","Ｍ 宿泊業，飲食サービス業","10","一般労働者","10","10～99人","262100"
"47","沖縄県","47356","島尻郡渡名喜村","47356001000","","26.36987603987918","127.14233111495132","49902734","0","単独世帯","1","0","114467272","53","0","男性","0","単独世帯（男性）","90","Ｉ 卸売業，小売業","10","一般労働者","10","10～99人","299700"
"47","沖縄県","47356","島尻郡渡名喜村","47356001000","","26.372245930000002","127.14215478500002","49902735","0","単独世帯","1","0","114467273","53","0","男性","0","単独世帯（男性）","150","Ｏ 教育，学習支援業","10","一般労働者","1000","1000人以上","479600"
"47","沖縄県","47356","島尻郡渡名喜村","47356001000","","26.37170839796219","127.14084115127788","49902736","0","単独世帯","1","0","114467274","53","0","男性","0","単独世帯（男性）","50","Ｅ 製造業","10","一般労働者","100","100～999人","229400"
"47","沖縄県","47356","島尻郡渡名喜村","47356001000","","26.370806234303743","127.14571279849837","49902737","0","単独世帯","1","0","114467275","53","1","女性","1","単独世帯（女性）","190","Ｓ 公務（他に分類されるものを除く）","","","","","0"
"47","沖縄県","47356","島尻郡渡名喜村","47356001000","","26.369648141662342","127.14555298460225","49902738","0","単独世帯","1","0","114467276","54","0","男性","0","単独世帯（男性）","190","Ｓ 公務（他に分類されるものを除く）","","","","","0"
"47","沖縄県","47356","島尻郡渡名喜村","47356001000","","26.370805679271616","127.14441183347195","49902739","0","単独世帯","1","0","114467277","54","0","男性","0","単独世帯（男性）","190","Ｓ 公務（他に分類されるものを除く）","","","","","0"
"47","沖縄県","47356","島尻郡渡名喜村","47356001000","","26.371109179087757","127.14537229412886","49902740","0","単独世帯","1","0","114467278","54","0","男性","0","単独世帯（男性）","130","Ｍ 宿泊業，飲食サービス業","10","一般労働者","100","100～999人","390400"
"47","沖縄県","47356","島尻郡渡名喜村","47356001000","","26.37045126648928","127.14536666587232","49902741","0","単独世帯","1","0","114467279","54","0","男性","0","単独世帯（男性）","20","Ｂ 漁業","","","","","0"
"47","沖縄県","47356","島尻郡渡名喜村","47356001000","","26.372350277697933","127.14234861112905","49902742","0","単独世帯","1","0","114467280","54","1","女性","1","単独世帯（女性）","180","Ｒ サービス業（他に分類されないもの）","20","短時間労働者","1000","1000人以上","91300"
"47","沖縄県","47356","島尻郡渡名喜村","47356001000","","26.370594019073927","127.14119812876072","49902743","0","単独世帯","1","0","114467281","55","0","男性","0","単独世帯（男性）","40","Ｄ 建設業","10","一般労働者","5","5～9人","187200"
"47","沖縄県","47356","島尻郡渡名喜村","47356001000","","26.370871726772748","127.14486819751794","49902744","0","単独世帯","1","0","114467282","55","0","男性","0","単独世帯（男性）","40","Ｄ 建設業","10","一般労働者","10","10～99人","341000"
"47","沖縄県","47356","島尻郡渡名喜村","47356001000","","26.37133559890192","127.14263080907374","49902745","0","単独世帯","1","0","114467283","55","0","男性","0","単独世帯（男性）","190","Ｓ 公務（他に分類されるものを除く）","","","","","0"
"47","沖縄県","47356","島尻郡渡名喜村","47356001000","","26.37121363295583","127.1409397321901","49902746","0","単独世帯","1","0","114467284","55","0","男性","0","単独世帯（男性）","60","Ｆ 電気・ガス・熱供給・水道業","10","一般労働者","1000","1000人以上","748500"
"47","沖縄県","47356","島尻郡渡名喜村","47356001000","","26.37104871307083","127.14336094120911","49902747","0","単独世帯","1","0","114467285","56","0","男性","0","単独世帯（男性）","40","Ｄ 建設業","10","一般労働者","10","10～99人","307700"
"47","沖縄県","47356","島尻郡渡名喜村","47356001000","","26.371368543600664","127.14365802759491","49902748","0","単独世帯","1","0","114467286","56","0","男性","0","単独世帯（男性）","190","Ｓ 公務（他に分類されるものを除く）","","","","","0"
"47","沖縄県","47356","島尻郡渡名喜村","47356001000","","26.370735923616813","127.14349634245835","49902749","0","単独世帯","1","0","114467287","56","0","男性","0","単独世帯（男性）","40","Ｄ 建設業","10","一般労働者","5","5～9人","258200"
"47","沖縄県","47356","島尻郡渡名喜村","47356001000","","26.37118929207659","127.14531007483217","49902750","0","単独世帯","1","0","114467288","56","0","男性","0","単独世帯（男性）","40","Ｄ 建設業","10","一般労働者","10","10～99人","363400"
"47","沖縄県","47356","島尻郡渡名喜村","47356001000","","26.369834568366343","127.14289948943987","49902751","0","単独世帯","1","0","114467289","56","1","女性","1","単独世帯（女性）","50","Ｅ 製造業","10","一般労働者","10","10～99人","157000"
"47","沖縄県","47356","島尻郡渡名喜村","47356001000","","26.369988228000008","127.145814241","49902752","0","単独世帯","1","0","114467290","57","0","男性","0","単独世帯（男性）","40","Ｄ 建設業","10","一般労働者","5","5～9人","214800"
"47","沖縄県","47356","島尻郡渡名喜村","47356001000","","26.370429821569605","127.14450093497098","49902753","0","単独世帯","1","0","114467291","57","0","男性","0","単独世帯（男性）","190","Ｓ 公務（他に分類されるものを除く）","","","","","0"
"47","沖縄県","47356","島尻郡渡名喜村","47356001000","","26.370598959815283","127.14588884894832","49902754","0","単独世帯","1","0","114467292","57","0","男性","0","単独世帯（男性）","40","Ｄ 建設業","10","一般労働者","100","100～999人","321900"
"47","沖縄県","47356","島尻郡渡名喜村","47356001000","","26.371127390571","127.14184406709253","49902755","0","単独世帯","1","0","114467293","57","0","男性","0","単独世帯（男性）","50","Ｅ 製造業","10","一般労働者","100","100～999人","294200"
"47","沖縄県","47356","島尻郡渡名喜村","47356001000","","26.372772810499995","127.14271478650002","49902756","0","単独世帯","1","0","114467294","58","0","男性","0","単独世帯（男性）","","","","","","",""
"47","沖縄県","47356","島尻郡渡名喜村","47356001000","","26.37048090005908","127.14108571376443","49902757","0","単独世帯","1","0","114467295","58","0","男性","0","単独世帯（男性）","150","Ｏ 教育，学習支援業","10","一般労働者","100","100～999人","441800"
"47","沖縄県","47356","島尻郡渡名喜村","47356001000","","26.370559436569383","127.14483699764372","49902758","0","単独世帯","1","0","114467296","58","0","男性","0","単独世帯（男性）","40","Ｄ 建設業","10","一般労働者","5","5～9人","239800"
"47","沖縄県","47356","島尻郡渡名喜村","47356001000","","26.370948998000003","127.1456239735","49902759","0","単独世帯","1","0","114467297","58","0","男性","0","単独世帯（男性）","190","Ｓ 公務（他に分類されるものを除く）","","","","","0"
"47","沖縄県","47356","島尻郡渡名喜村","47356001000","","26.3703209034896","127.14176776659448","49902760","0","単独世帯","1","0","114467298","59","0","男性","0","単独世帯（男性）","40","Ｄ 建設業","10","一般労働者","5","5～9人","197200"
"47","沖縄県","47356","島尻郡渡名喜村","47356001000","","26.371100298865148","127.14212164037149","49902761","0","単独世帯","1","0","114467299","59","0","男性","0","単独世帯（男性）","40","Ｄ 建設業","10","一般労働者","5","5～9人","255300"
"47","沖縄県","47356","島尻郡渡名喜村","47356001000","","26.370095279866177","127.14164256019221","49902762","0","単独世帯","1","0","114467300","59","0","男性","0","単独世帯（男性）","130","Ｍ 宿泊業，飲食サービス業","10","一般労働者","10","10～99人","289600"
"47","沖縄県","47356","島尻郡渡名喜村","47356001000","","26.371272022","127.14088078","49902763","0","単独世帯","1","0","114467301","59","0","男性","0","単独世帯（男性）","40","Ｄ 建設業","10","一般労働者","5","5～9人","255800"
"47","沖縄県","47356","島尻郡渡名喜村","47356001000","","26.369838203548767","127.14325397300914","49902764","0","単独世帯","1","0","114467302","59","0","男性","0","単独世帯（男性）","40","Ｄ 建設業","10","一般労働者","100","100～999人","340300"
"47","沖縄県","47356","島尻郡渡名喜村","47356001000","","26.37102417444372","127.14558322155051","49902765","0","単独世帯","1","0","114467303","59","1","女性","1","単独世帯（女性）","150","Ｏ 教育，学習支援業","20","短時間労働者","10","10～99人","59900"
"47","沖縄県","47356","島尻郡渡名喜村","47356001000","","26.36997972977942","127.14186263258193","49902766","0","単独世帯","1","0","114467304","60","0","男性","0","単独世帯（男性）","150","Ｏ 教育，学習支援業","10","一般労働者","100","100～999人","374700"
"47","沖縄県","47356","島尻郡渡名喜村","47356001000","","26.371914387452296","127.14271184679913","49902767","0","単独世帯","1","0","114467305","60","0","男性","0","単独世帯（男性）","","","","","","",""
"47","沖縄県","47356","島尻郡渡名喜村","47356001000","","26.370412004143077","127.14236199530069","49902768","0","単独世帯","1","0","114467306","60","0","男性","0","単独世帯（男性）","10","Ａ 農業，林業","","","","","0"
"47","沖縄県","47356","島尻郡渡名喜村","47356001000","","26.370956333369673","127.14164912255042","49902769","0","単独世帯","1","0","114467307","60","0","男性","0","単独世帯（男性）","40","Ｄ 建設業","10","一般労働者","10","10～99人","352100"
"47","沖縄県","47356","島尻郡渡名喜村","47356001000","","26.370614193500003","127.14329366100002","49902770","0","単独世帯","1","0","114467308","61","0","男性","0","単独世帯（男性）","20","Ｂ 漁業","","","","","0"
"47","沖縄県","47356","島尻郡渡名喜村","47356001000","","26.370518201797115","127.14576785878751","49902771","0","単独世帯","1","0","114467309","61","0","男性","0","単独世帯（男性）","40","Ｄ 建設業","10","一般労働者","10","10～99人","313500"
"47","沖縄県","47356","島尻郡渡名喜村","47356001000","","26.370968184329627","127.14309997433752","49902772","0","単独世帯","1","0","114467310","61","0","男性","0","単独世帯（男性）","40","Ｄ 建設業","10","一般労働者","5","5～9人","184200"
"47","沖縄県","47356","島尻郡渡名喜村","47356001000","","26.370559436569383","127.14483699764372","49902773","0","単独世帯","1","0","114467311","61","0","男性","0","単独世帯（男性）","40","Ｄ 建設業","10","一般労働者","5","5～9人","177400"
"47","沖縄県","47356","島尻郡渡名喜村","47356001000","","26.371746329398515","127.14427827293429","49902774","0","単独世帯","1","0","114467312","61","0","男性","0","単独世帯（男性）","","","","","","",""
"47","沖縄県","47356","島尻郡渡名喜村","47356001000","","26.37063667671208","127.14242515036489","49902775","0","単独世帯","1","0","114467313","62","0","男性","0","単独世帯（男性）","50","Ｅ 製造業","10","一般労働者","10","10～99人","232400"
"47","沖縄県","47356","島尻郡渡名喜村","47356001000","","26.370883472000003","127.14390166650001","49902776","0","単独世帯","1","0","114467314","62","0","男性","0","単独世帯（男性）","","","","","","",""
"47","沖縄県","47356","島尻郡渡名喜村","47356001000","","26.37310648368773","127.14643544372329","49902777","0","単独世帯","1","0","114467315","62","0","男性","0","単独世帯（男性）","180","Ｒ サービス業（他に分類されないもの）","10","一般労働者","10","10～99人","233200"
"47","沖縄県","47356","島尻郡渡名喜村","47356001000","","26.371272126499992","127.14076042949999","49902778","0","単独世帯","1","0","114467316","62","0","男性","0","単独世帯（男性）","40","Ｄ 建設業","10","一般労働者","5","5～9人","187300"
"47","沖縄県","47356","島尻郡渡名喜村","47356001000","","26.36973056869564","127.13878720972112","49902779","0","単独世帯","1","0","114467317","62","0","男性","0","単独世帯（男性）","40","Ｄ 建設業","10","一般労働者","100","100～999人","346700"
"47","沖縄県","47356","島尻郡渡名喜村","47356001000","","26.37008636752368","127.14604489300122","49902780","0","単独世帯","1","0","114467318","62","1","女性","1","単独世帯（女性）","150","Ｏ 教育，学習支援業","10","一般労働者","10","10～99人","518900"
"47","沖縄県","47356","島尻郡渡名喜村","47356001000","","26.376851655203676","127.14427634009968","49902781","0","単独世帯","1","0","114467319","63","0","男性","0","単独世帯（男性）","10","Ａ 農業，林業","","","","","0"
"47","沖縄県","47356","島尻郡渡名喜村","47356001000","","26.371029983593992","127.14208756723826","49902782","0","単独世帯","1","0","114467320","63","0","男性","0","単独世帯（男性）","60","Ｆ 電気・ガス・熱供給・水道業","10","一般労働者","1000","1000人以上","309400"
"47","沖縄県","47356","島尻郡渡名喜村","47356001000","","26.37008636752368","127.14604489300122","49902783","0","単独世帯","1","0","114467321","63","0","男性","0","単独世帯（男性）","20","Ｂ 漁業","","","","","0"
"47","沖縄県","47356","島尻郡渡名喜村","47356001000","","26.370151544159498","127.14142480178371","49902784","0","単独世帯","1","0","114467322","63","0","男性","0","単独世帯（男性）","40","Ｄ 建設業","10","一般労働者","5","5～9人","211100"
"47","沖縄県","47356","島尻郡渡名喜村","47356001000","","26.370451430157217","127.14455339415913","49902785","0","単独世帯","1","0","114467323","63","0","男性","0","単独世帯（男性）","20","Ｂ 漁業","","","","","0"
"47","沖縄県","47356","島尻郡渡名喜村","47356001000","","26.37067378196435","127.14187404721416","49902786","0","単独世帯","1","0","114467324","64","0","男性","0","単独世帯（男性）","190","Ｓ 公務（他に分類されるものを除く）","","","","","0"
"47","沖縄県","47356","島尻郡渡名喜村","47356001000","","26.37078376127938","127.14584280749979","49902787","0","単独世帯","1","0","114467325","64","0","男性","0","単独世帯（男性）","40","Ｄ 建設業","10","一般労働者","5","5～9人","156900"
"47","沖縄県","47356","島尻郡渡名喜村","47356001000","","26.373571591530986","127.14182131386171","49902788","0","単独世帯","1","0","114467326","64","0","男性","0","単独世帯（男性）","40","Ｄ 建設業","10","一般労働者","10","10～99人","259000"
"47","沖縄県","47356","島尻郡渡名喜村","47356001000","","26.371316888059646","127.14353712834824","49902789","0","単独世帯","1","0","114467327","64","0","男性","0","単独世帯（男性）","190","Ｓ 公務（他に分類されるものを除く）","","","","","0"
"47","沖縄県","47356","島尻郡渡名喜村","47356001000","","26.373672211650575","127.14205425408463","49902790","0","単独世帯","1","0","114467328","64","0","男性","0","単独世帯（男性）","180","Ｒ サービス業（他に分類されないもの）","10","一般労働者","10","10～99人","268700"
"47","沖縄県","47356","島尻郡渡名喜村","47356001000","","26.36962826107544","127.14602154257985","49902791","0","単独世帯","1","0","114467329","64","1","女性","1","単独世帯（女性）","","","","","","",""
"47","沖縄県","47356","島尻郡渡名喜村","47356001000","","26.371460268629157","127.14328231426931","49902792","0","単独世帯","1","0","114467330","65","0","男性","0","単独世帯（男性）","140","Ｎ 生活関連サービス業，娯楽業","10","一般労働者","10","10～99人","264700"
"47","沖縄県","47356","島尻郡渡名喜村","47356001000","","26.372199962094534","127.14276033981207","49902793","0","単独世帯","1","0","114467331","65","0","男性","0","単独世帯（男性）","","","","","","",""
"47","沖縄県","47356","島尻郡渡名喜村","47356001000","","26.3696467382948","127.1463119468682","49902794","0","単独世帯","1","0","114467332","65","0","男性","0","単独世帯（男性）","80","Ｈ 運輸業，郵便業","20","短時間労働者","10","10～99人","103800"
"47","沖縄県","47356","島尻郡渡名喜村","47356001000","","26.37102417444372","127.14558322155051","49902795","0","単独世帯","1","0","114467333","65","0","男性","0","単独世帯（男性）","","","","","","",""
"47","沖縄県","47356","島尻郡渡名喜村","47356001000","","26.370986677827666","127.14375912528511","49902796","0","単独世帯","1","0","114467334","65","1","女性","1","単独世帯（女性）","40","Ｄ 建設業","30","臨時労働者","5","5～9人","39900"
"47","沖縄県","47356","島尻郡渡名喜村","47356001000","","26.370500369101375","127.14072251956706","49902797","0","単独世帯","1","0","114467335","66","0","男性","0","単独世帯（男性）","40","Ｄ 建設業","10","一般労働者","10","10～99人","191600"
"47","沖縄県","47356","島尻郡渡名喜村","47356001000","","26.370188069889497","127.14113591691148","49902798","0","単独世帯","1","0","114467336","66","0","男性","0","単独世帯（男性）","","","","","","",""
"47","沖縄県","47356","島尻郡渡名喜村","47356001000","","26.36888979268693","127.14678884720327","49902799","0","単独世帯","1","0","114467337","66","0","男性","0","単独世帯（男性）","40","Ｄ 建設業","20","短時間労働者","10","10～99人","118600"
"47","沖縄県","47356","島尻郡渡名喜村","47356001000","","26.3703209034896","127.14176776659448","49902800","0","単独世帯","1","0","114467338","66","0","男性","0","単独世帯（男性）","","","","","","",""
"47","沖縄県","47356","島尻郡渡名喜村","47356001000","","26.371427416290956","127.1435010072729","49902801","0","単独世帯","1","0","114467339","66","1","女性","1","単独世帯（女性）","130","Ｍ 宿泊業，飲食サービス業","20","短時間労働者","5","5～9人","68300"
"47","沖縄県","47356","島尻郡渡名喜村","47356001000","","26.372392349061826","127.14601624722329","49902802","0","単独世帯","1","0","114467340","67","0","男性","0","単独世帯（男性）","190","Ｓ 公務（他に分類されるものを除く）","","","","","0"
"47","沖縄県","47356","島尻郡渡名喜村","47356001000","","26.370144712730145","127.14053520463465","49902803","0","単独世帯","1","0","114467341","67","0","男性","0","単独世帯（男性）","20","Ｂ 漁業","","","","","0"
"47","沖縄県","47356","島尻郡渡名喜村","47356001000","","26.371263044442713","127.14220042495477","49902804","0","単独世帯","1","0","114467342","67","0","男性","0","単独世帯（男性）","","","","","","",""
"47","沖縄県","47356","島尻郡渡名喜村","47356001000","","26.370391407709892","127.14115229958786","49902805","0","単独世帯","1","0","114467343","67","1","女性","1","単独世帯（女性）","20","Ｂ 漁業","","","","","0"
"47","沖縄県","47356","島尻郡渡名喜村","47356001000","","26.370969915142854","127.14563306614554","49902806","0","単独世帯","1","0","114467344","68","0","男性","0","単独世帯（男性）","20","Ｂ 漁業","","","","","0"
"47","沖縄県","47356","島尻郡渡名喜村","47356001000","","26.370952829861242","127.14599441960486","49902807","0","単独世帯","1","0","114467345","68","0","男性","0","単独世帯（男性）","40","Ｄ 建設業","10","一般労働者","5","5～9人","206700"
"47","沖縄県","47356","島尻郡渡名喜村","47356001000","","26.370987916528296","127.14306513880909","49902808","0","単独世帯","1","0","114467346","68","0","男性","0","単独世帯（男性）","","","","","","",""
"47","沖縄県","47356","島尻郡渡名喜村","47356001000","","26.370736938629214","127.14164727771835","49902809","0","単独世帯","1","0","114467347","68","1","女性","1","単独世帯（女性）","120","Ｌ 学術研究，専門・技術サービス業","20","短時間労働者","1000","1000人以上","35900"
"47","沖縄県","47356","島尻郡渡名喜村","47356001000","","26.370932421866268","127.14553652809015","49902810","0","単独世帯","1","0","114467348","69","0","男性","0","単独世帯（男性）","170","Ｑ 複合サービス事業","30","臨時労働者","10","10～99人","63300"
"47","沖縄県","47356","島尻郡渡名喜村","47356001000","","26.37193947943572","127.14352283377099","49902811","0","単独世帯","1","0","114467349","69","1","女性","1","単独世帯（女性）","180","Ｒ サービス業（他に分類されないもの）","20","短時間労働者","1000","1000人以上","79800"
"47","沖縄県","47356","島尻郡渡名喜村","47356001000","","26.371392385166864","127.14197550812803","49902812","0","単独世帯","1","0","114467350","70","0","男性","0","単独世帯（男性）","","","","","","",""
"47","沖縄県","47356","島尻郡渡名喜村","47356001000","","26.37008636752368","127.14604489300122","49902813","0","単独世帯","1","0","114467351","71","0","男性","0","単独世帯（男性）","","","","","","",""
"47","沖縄県","47356","島尻郡渡名喜村","47356001000","","26.374131879413127","127.1466083478447","49902814","0","単独世帯","1","0","114467352","72","0","男性","0","単独世帯（男性）","80","Ｈ 運輸業，郵便業","10","一般労働者","10","10～99人","153500"
"47","沖縄県","47356","島尻郡渡名喜村","47356001000","","26.370736938629214","127.14164727771835","49902815","0","単独世帯","1","0","114467353","73","0","男性","0","単独世帯（男性）","","","","","","",""
"47","沖縄県","47356","島尻郡渡名喜村","47356001000","","26.372313324184457","127.14107146033926","49902816","0","単独世帯","1","0","114467354","74","0","男性","0","単独世帯（男性）","","","","","","",""
"47","沖縄県","47356","島尻郡渡名喜村","47356001000","","26.370632990000004","127.14361036000001","49902817","0","単独世帯","1","0","114467355","74","1","女性","1","単独世帯（女性）","","","","","","",""
"47","沖縄県","47356","島尻郡渡名喜村","47356001000","","26.37239674714299","127.14163114199805","49902818","0","単独世帯","1","0","114467356","75","0","男性","0","単独世帯（男性）","","","","","","",""
"47","沖縄県","47356","島尻郡渡名喜村","47356001000","","26.371345643377857","127.14133606902644","49902819","0","単独世帯","1","0","114467357","77","0","男性","0","単独世帯（男性）","","","","","","",""
"47","沖縄県","47356","島尻郡渡名喜村","47356001000","","26.373356257308505","127.14302129112788","49902820","0","単独世帯","1","0","114467358","78","0","男性","0","単独世帯（男性）","40","Ｄ 建設業","10","一般労働者","10","10～99人","196000"
"47","沖縄県","47356","島尻郡渡名喜村","47356001000","","26.370594019073927","127.14119812876072","49902821","0","単独世帯","1","0","114467359","79","0","男性","0","単独世帯（男性）","","","","","","",""
"47","沖縄県","47356","島尻郡渡名喜村","47356001000","","26.37023262489494","127.14583626388962","49902822","0","単独世帯","1","0","114467360","79","1","女性","1","単独世帯（女性）","40","Ｄ 建設業","20","短時間労働者","10","10～99人","83000"
"47","沖縄県","47356","島尻郡渡名喜村","47356001000","","26.37234132841813","127.1410774008956","49902823","0","単独世帯","1","0","114467361","80","0","男性","0","単独世帯（男性）","","","","","","",""
"47","沖縄県","47356","島尻郡渡名喜村","47356001000","","26.371429555738946","127.14093974659","49902824","0","単独世帯","1","0","114467362","80","1","女性","1","単独世帯（女性）","150","Ｏ 教育，学習支援業","20","短時間労働者","10","10～99人","67800"
"47","沖縄県","47356","島尻郡渡名喜村","47356001000","","26.355803914704573","127.14847692310201","49902825","0","単独世帯","1","0","114467363","81","0","男性","0","単独世帯（男性）","","","","","","",""
"47","沖縄県","47356","島尻郡渡名喜村","47356001000","","26.37065527590594","127.14130795533174","49902826","0","単独世帯","1","0","114467364","81","1","女性","1","単独世帯（女性）","","","","","","",""
"47","沖縄県","47356","島尻郡渡名喜村","47356001000","","26.37019811243919","127.14129687551592","49902827","0","単独世帯","1","0","114467365","82","0","男性","0","単独世帯（男性）","","","","","","",""
"47","沖縄県","47356","島尻郡渡名喜村","47356001000","","26.371174822741565","127.14221043184224","49902828","0","単独世帯","1","0","114467366","82","1","女性","1","単独世帯（女性）","","","","","","",""
"47","沖縄県","47356","島尻郡渡名喜村","47356001000","","26.37175905195037","127.14142453357809","49902829","0","単独世帯","1","0","114467367","85","0","男性","0","単独世帯（男性）","","","","","","",""
"47","沖縄県","47356","島尻郡渡名喜村","47356001000","","26.370144272410716","127.1429069816637","49902830","0","単独世帯","1","0","114467368","85","1","女性","1","単独世帯（女性）","","","","","","",""
"47","沖縄県","47356","島尻郡渡名喜村","47356001000","","26.369995222855724","127.1432562677522","49902831","1","夫婦のみ世帯","2","0","114467369","90","0","男性","10","夫・男親","","","","","","",""
"47","沖縄県","47356","島尻郡渡名喜村","47356001000","","26.369995222855724","127.1432562677522","49902831","1","夫婦のみ世帯","2","0","114467370","83","1","女性","11","妻・女親","","","","","","",""
"47","沖縄県","47356","島尻郡渡名喜村","47356001000","","26.37084971317694","127.14133422187993","49902832","1","夫婦のみ世帯","2","0","114467371","71","0","男性","10","夫・男親","","","","","","",""
"47","沖縄県","47356","島尻郡渡名喜村","47356001000","","26.37084971317694","127.14133422187993","49902832","1","夫婦のみ世帯","2","0","114467372","52","1","女性","11","妻・女親","80","Ｈ 運輸業，郵便業","20","短時間労働者","100","100～999人","173600"
"47","沖縄県","47356","島尻郡渡名喜村","47356001000","","26.3722233923179","127.14299806398338","49902833","1","夫婦のみ世帯","2","0","114467373","83","0","男性","10","夫・男親","","","","","","",""
"47","沖縄県","47356","島尻郡渡名喜村","47356001000","","26.3722233923179","127.14299806398338","49902833","1","夫婦のみ世帯","2","0","114467374","85","1","女性","11","妻・女親","","","","","","",""
"47","沖縄県","47356","島尻郡渡名喜村","47356001000","","26.372378956450746","127.14151318619611","49902834","1","夫婦のみ世帯","2","0","114467375","75","0","男性","10","夫・男親","40","Ｄ 建設業","20","短時間労働者","10","10～99人","145300"
"47","沖縄県","47356","島尻郡渡名喜村","47356001000","","26.372378956450746","127.14151318619611","49902834","1","夫婦のみ世帯","2","0","114467376","78","1","女性","11","妻・女親","","","","","","",""
"47","沖縄県","47356","島尻郡渡名喜村","47356001000","","26.36997153500636","127.14356794255508","49902835","1","夫婦のみ世帯","2","0","114467377","54","0","男性","10","夫・男親","190","Ｓ 公務（他に分類されるものを除く）","","","","","0"
"47","沖縄県","47356","島尻郡渡名喜村","47356001000","","26.36997153500636","127.14356794255508","49902835","1","夫婦のみ世帯","2","0","114467378","61","1","女性","11","妻・女親","40","Ｄ 建設業","10","一般労働者","10","10～99人","179000"
"47","沖縄県","47356","島尻郡渡名喜村","47356001000","","26.375530593677638","127.1427807630183","49902836","1","夫婦のみ世帯","2","0","114467379","61","0","男性","10","夫・男親","150","Ｏ 教育，学習支援業","10","一般労働者","10","10～99人","209400"
"47","沖縄県","47356","島尻郡渡名喜村","47356001000","","26.375530593677638","127.1427807630183","49902836","1","夫婦のみ世帯","2","0","114467380","65","1","女性","11","妻・女親","50","Ｅ 製造業","20","短時間労働者","100","100～999人","91400"
"47","沖縄県","47356","島尻郡渡名喜村","47356001000","","26.371519176857962","127.14320838601772","49902837","1","夫婦のみ世帯","2","0","114467381","52","0","男性","10","夫・男親","40","Ｄ 建設業","10","一般労働者","10","10～99人","307600"
"47","沖縄県","47356","島尻郡渡名喜村","47356001000","","26.371519176857962","127.14320838601772","49902837","1","夫婦のみ世帯","2","0","114467382","53","1","女性","11","妻・女親","190","Ｓ 公務（他に分類されるものを除く）","","","","","0"
"47","沖縄県","47356","島尻郡渡名喜村","47356001000","","26.372263110917917","127.14175413298115","49902838","1","夫婦のみ世帯","2","0","114467383","71","0","男性","10","夫・男親","20","Ｂ 漁業","","","","","0"
"47","沖縄県","47356","島尻郡渡名喜村","47356001000","","26.372263110917917","127.14175413298115","49902838","1","夫婦のみ世帯","2","0","114467384","57","1","女性","11","妻・女親","40","Ｄ 建設業","20","短時間労働者","10","10～99人","114200"
"47","沖縄県","47356","島尻郡渡名喜村","47356001000","","26.36975665","127.14321392350001","49902839","1","夫婦のみ世帯","2","0","114467385","76","0","男性","10","夫・男親","","","","","","",""
"47","沖縄県","47356","島尻郡渡名喜村","47356001000","","26.36975665","127.14321392350001","49902839","1","夫婦のみ世帯","2","0","114467386","61","1","女性","11","妻・女親","90","Ｉ 卸売業，小売業","10","一般労働者","10","10～99人","221200"
"47","沖縄県","47356","島尻郡渡名喜村","47356001000","","26.370308275300506","127.1419897674831","49902840","1","夫婦のみ世帯","2","0","114467387","65","0","男性","10","夫・男親","40","Ｄ 建設業","10","一般労働者","10","10～99人","225400"
"47","沖縄県","47356","島尻郡渡名喜村","47356001000","","26.370308275300506","127.1419897674831","49902840","1","夫婦のみ世帯","2","0","114467388","65","1","女性","11","妻・女親","20","Ｂ 漁業","","","","","0"
"47","沖縄県","47356","島尻郡渡名喜村","47356001000","","26.370903255563928","127.14486831424459","49902841","1","夫婦のみ世帯","2","0","114467389","68","0","男性","10","夫・男親","40","Ｄ 建設業","20","短時間労働者","10","10～99人","151600"
"47","沖縄県","47356","島尻郡渡名喜村","47356001000","","26.370903255563928","127.14486831424459","49902841","1","夫婦のみ世帯","2","0","114467390","68","1","女性","11","妻・女親","150","Ｏ 教育，学習支援業","20","短時間労働者","5","5～9人","37000"
"47","沖縄県","47356","島尻郡渡名喜村","47356001000","","26.371102588681087","127.14506239201448","49902842","1","夫婦のみ世帯","2","0","114467391","75","0","男性","10","夫・男親","","","","","","",""
"47","沖縄県","47356","島尻郡渡名喜村","47356001000","","26.371102588681087","127.14506239201448","49902842","1","夫婦のみ世帯","2","0","114467392","60","1","女性","11","妻・女親","190","Ｓ 公務（他に分類されるものを除く）","","","","","0"
"47","沖縄県","47356","島尻郡渡名喜村","47356001000","","26.372245930000002","127.14215478500002","49902843","1","夫婦のみ世帯","2","0","114467393","55","0","男性","10","夫・男親","40","Ｄ 建設業","10","一般労働者","10","10～99人","303500"
"47","沖縄県","47356","島尻郡渡名喜村","47356001000","","26.372245930000002","127.14215478500002","49902843","1","夫婦のみ世帯","2","0","114467394","79","1","女性","11","妻・女親","130","Ｍ 宿泊業，飲食サービス業","20","短時間労働者","10","10～99人","72000"
"47","沖縄県","47356","島尻郡渡名喜村","47356001000","","26.3727732429641","127.14128523069421","49902844","1","夫婦のみ世帯","2","0","114467395","64","0","男性","10","夫・男親","190","Ｓ 公務（他に分類されるものを除く）","","","","","0"
"47","沖縄県","47356","島尻郡渡名喜村","47356001000","","26.3727732429641","127.14128523069421","49902844","1","夫婦のみ世帯","2","0","114467396","64","1","女性","11","妻・女親","10","Ａ 農業，林業","","","","","0"
"47","沖縄県","47356","島尻郡渡名喜村","47356001000","","26.373923915365925","127.1420449266861","49902845","1","夫婦のみ世帯","2","0","114467397","56","0","男性","10","夫・男親","130","Ｍ 宿泊業，飲食サービス業","20","短時間労働者","10","10～99人","61000"
"47","沖縄県","47356","島尻郡渡名喜村","47356001000","","26.373923915365925","127.1420449266861","49902845","1","夫婦のみ世帯","2","0","114467398","53","1","女性","11","妻・女親","190","Ｓ 公務（他に分類されるものを除く）","","","","","0"
"47","沖縄県","47356","島尻郡渡名喜村","47356001000","","26.370989283376773","127.14035655898988","49902846","1","夫婦のみ世帯","2","0","114467399","79","0","男性","10","夫・男親","","","","","","",""
"47","沖縄県","47356","島尻郡渡名喜村","47356001000","","26.370989283376773","127.14035655898988","49902846","1","夫婦のみ世帯","2","0","114467400","77","1","女性","11","妻・女親","","","","","","",""
"47","沖縄県","47356","島尻郡渡名喜村","47356001000","","26.369713546","127.14570349799999","49902847","1","夫婦のみ世帯","2","0","114467401","52","0","男性","10","夫・男親","190","Ｓ 公務（他に分類されるものを除く）","","","","","0"
"47","沖縄県","47356","島尻郡渡名喜村","47356001000","","26.369713546","127.14570349799999","49902847","1","夫婦のみ世帯","2","0","114467402","52","1","女性","11","妻・女親","190","Ｓ 公務（他に分類されるものを除く）","","","","","0"
"47","沖縄県","47356","島尻郡渡名喜村","47356001000","","26.37133057090837","127.14352440640987","49902848","1","夫婦のみ世帯","2","0","114467403","81","0","男性","10","夫・男親","150","Ｏ 教育，学習支援業","20","短時間労働者","5","5～9人","20400"
"47","沖縄県","47356","島尻郡渡名喜村","47356001000","","26.37133057090837","127.14352440640987","49902848","1","夫婦のみ世帯","2","0","114467404","70","1","女性","11","妻・女親","50","Ｅ 製造業","30","臨時労働者","5","5～9人","78100"
"47","沖縄県","47356","島尻郡渡名喜村","47356001000","","26.369841557500003","127.14569108250001","49902849","1","夫婦のみ世帯","2","0","114467405","78","0","男性","10","夫・男親","","","","","","",""
"47","沖縄県","47356","島尻郡渡名喜村","47356001000","","26.369841557500003","127.14569108250001","49902849","1","夫婦のみ世帯","2","0","114467406","77","1","女性","11","妻・女親","","","","","","",""
"47","沖縄県","47356","島尻郡渡名喜村","47356001000","","26.373481032014954","127.14273643183517","49902850","1","夫婦のみ世帯","2","0","114467407","56","0","男性","10","夫・男親","190","Ｓ 公務（他に分類されるものを除く）","","","","","0"
"47","沖縄県","47356","島尻郡渡名喜村","47356001000","","26.373481032014954","127.14273643183517","49902850","1","夫婦のみ世帯","2","0","114467408","47","1","女性","11","妻・女親","150","Ｏ 教育，学習支援業","10","一般労働者","100","100～999人","365400"
"47","沖縄県","47356","島尻郡渡名喜村","47356001000","","26.372264729088165","127.14155806674039","49902851","1","夫婦のみ世帯","2","0","114467409","76","0","男性","10","夫・男親","40","Ｄ 建設業","20","短時間労働者","5","5～9人","122800"
"47","沖縄県","47356","島尻郡渡名喜村","47356001000","","26.372264729088165","127.14155806674039","49902851","1","夫婦のみ世帯","2","0","114467410","77","1","女性","11","妻・女親","","","","","","",""
"47","沖縄県","47356","島尻郡渡名喜村","47356001000","","26.372057456535","127.141794412292","49902852","1","夫婦のみ世帯","2","0","114467411","59","0","男性","10","夫・男親","190","Ｓ 公務（他に分類されるものを除く）","","","","","0"
"47","沖縄県","47356","島尻郡渡名喜村","47356001000","","26.372057456535","127.141794412292","49902852","1","夫婦のみ世帯","2","0","114467412","57","1","女性","11","妻・女親","190","Ｓ 公務（他に分類されるものを除く）","","","","","0"
"47","沖縄県","47356","島尻郡渡名喜村","47356001000","","26.37043812304978","127.14615476481306","49902853","1","夫婦のみ世帯","2","0","114467413","83","0","男性","10","夫・男親","","","","","","",""
"47","沖縄県","47356","島尻郡渡名喜村","47356001000","","26.37043812304978","127.14615476481306","49902853","1","夫婦のみ世帯","2","0","114467414","83","1","女性","11","妻・女親","","","","","","",""
"47","沖縄県","47356","島尻郡渡名喜村","47356001000","","26.370438123049777","127.14598587162696","49902854","1","夫婦のみ世帯","2","0","114467415","71","0","男性","10","夫・男親","40","Ｄ 建設業","10","一般労働者","10","10～99人","170100"
"47","沖縄県","47356","島尻郡渡名喜村","47356001000","","26.370438123049777","127.14598587162696","49902854","1","夫婦のみ世帯","2","0","114467416","71","1","女性","11","妻・女親","","","","","","",""
"47","沖縄県","47356","島尻郡渡名喜村","47356001000","","26.369399031012296","127.14627826736161","49902855","1","夫婦のみ世帯","2","0","114467417","52","0","男性","10","夫・男親","40","Ｄ 建設業","10","一般労働者","5","5～9人","268000"
"47","沖縄県","47356","島尻郡渡名喜村","47356001000","","26.369399031012296","127.14627826736161","49902855","1","夫婦のみ世帯","2","0","114467418","60","1","女性","11","妻・女親","190","Ｓ 公務（他に分類されるものを除く）","","","","","0"
"47","沖縄県","47356","島尻郡渡名喜村","47356001000","","26.371746329398515","127.14427827293429","49902856","1","夫婦のみ世帯","2","0","114467419","60","0","男性","10","夫・男親","190","Ｓ 公務（他に分類されるものを除く）","","","","","0"
"47","沖縄県","47356","島尻郡渡名喜村","47356001000","","26.371746329398515","127.14427827293429","49902856","1","夫婦のみ世帯","2","0","114467420","61","1","女性","11","妻・女親","","","","","","",""
"47","沖縄県","47356","島尻郡渡名喜村","47356001000","","26.371861579577118","127.14323957312597","49902857","1","夫婦のみ世帯","2","0","114467421","62","0","男性","10","夫・男親","40","Ｄ 建設業","10","一般労働者","10","10～99人","350500"
"47","沖縄県","47356","島尻郡渡名喜村","47356001000","","26.371861579577118","127.14323957312597","49902857","1","夫婦のみ世帯","2","0","114467422","55","1","女性","11","妻・女親","190","Ｓ 公務（他に分類されるものを除く）","","","","","0"
"47","沖縄県","47356","島尻郡渡名喜村","47356001000","","26.3725498935","127.14184535400001","49902858","1","夫婦のみ世帯","2","0","114467423","80","0","男性","10","夫・男親","","","","","","",""
"47","沖縄県","47356","島尻郡渡名喜村","47356001000","","26.3725498935","127.14184535400001","49902858","1","夫婦のみ世帯","2","0","114467424","78","1","女性","11","妻・女親","170","Ｑ 複合サービス事業","30","臨時労働者","10","10～99人","80000"
"47","沖縄県","47356","島尻郡渡名喜村","47356001000","","26.369810469066255","127.14619489215058","49902859","1","夫婦のみ世帯","2","0","114467425","76","0","男性","10","夫・男親","","","","","","",""
"47","沖縄県","47356","島尻郡渡名喜村","47356001000","","26.369810469066255","127.14619489215058","49902859","1","夫婦のみ世帯","2","0","114467426","78","1","女性","11","妻・女親","50","Ｅ 製造業","20","短時間労働者","100","100～999人","82200"
"47","沖縄県","47356","島尻郡渡名喜村","47356001000","","26.3700613215","127.142427463","49902860","1","夫婦のみ世帯","2","0","114467427","62","0","男性","10","夫・男親","40","Ｄ 建設業","20","短時間労働者","10","10～99人","139500"
"47","沖縄県","47356","島尻郡渡名喜村","47356001000","","26.3700613215","127.142427463","49902860","1","夫婦のみ世帯","2","0","114467428","61","1","女性","11","妻・女親","130","Ｍ 宿泊業，飲食サービス業","20","短時間労働者","10","10～99人","66200"
"47","沖縄県","47356","島尻郡渡名喜村","47356001000","","26.371964400038138","127.14248368580915","49902861","1","夫婦のみ世帯","2","0","114467429","34","0","男性","10","夫・男親","190","Ｓ 公務（他に分類されるものを除く）","","","","","0"
"47","沖縄県","47356","島尻郡渡名喜村","47356001000","","26.371964400038138","127.14248368580915","49902861","1","夫婦のみ世帯","2","0","114467430","34","1","女性","11","妻・女親","130","Ｍ 宿泊業，飲食サービス業","10","一般労働者","100","100～999人","201400"
"47","沖縄県","47356","島尻郡渡名喜村","47356001000","","26.370461834888324","127.14309601097219","49902862","1","夫婦のみ世帯","2","0","114467431","67","0","男性","10","夫・男親","20","Ｂ 漁業","","","","","0"
"47","沖縄県","47356","島尻郡渡名喜村","47356001000","","26.370461834888324","127.14309601097219","49902862","1","夫婦のみ世帯","2","0","114467432","62","1","女性","11","妻・女親","","","","","","",""
"47","沖縄県","47356","島尻郡渡名喜村","47356001000","","26.370655491526477","127.14223372581448","49902863","1","夫婦のみ世帯","2","0","114467433","49","0","男性","10","夫・男親","50","Ｅ 製造業","10","一般労働者","10","10～99人","248600"
"47","沖縄県","47356","島尻郡渡名喜村","47356001000","","26.370655491526477","127.14223372581448","49902863","1","夫婦のみ世帯","2","0","114467434","48","1","女性","11","妻・女親","40","Ｄ 建設業","20","短時間労働者","10","10～99人","93300"
"47","沖縄県","47356","島尻郡渡名喜村","47356001000","","26.37103216917188","127.14340139436773","49902864","2","夫婦と子供世帯","3","0","114467435","11","0","男性","10","夫・男親","","","","","","",""
"47","沖縄県","47356","島尻郡渡名喜村","47356001000","","26.37103216917188","127.14340139436773","49902864","2","夫婦と子供世帯","3","0","114467436","11","1","女性","11","妻・女親","","","","","","",""
"47","沖縄県","47356","島尻郡渡名喜村","47356001000","","26.37103216917188","127.14340139436773","49902864","2","夫婦と子供世帯","3","0","114467437","0","0","男性","20","子供（男性）","","","","","","",""
"47","沖縄県","47356","島尻郡渡名喜村","47356001000","","26.375466749471624","127.1428968041912","49902865","2","夫婦と子供世帯","3","0","114467438","39","0","男性","10","夫・男親","170","Ｑ 複合サービス事業","10","一般労働者","1000","1000人以上","300300"
"47","沖縄県","47356","島尻郡渡名喜村","47356001000","","26.375466749471624","127.1428968041912","49902865","2","夫婦と子供世帯","3","0","114467439","37","1","女性","11","妻・女親","150","Ｏ 教育，学習支援業","10","一般労働者","1000","1000人以上","350500"
"47","沖縄県","47356","島尻郡渡名喜村","47356001000","","26.375466749471624","127.1428968041912","49902865","2","夫婦と子供世帯","3","0","114467440","4","0","男性","20","子供（男性）","","","","","","",""
"47","沖縄県","47356","島尻郡渡名喜村","47356001000","","26.369950269098112","127.14157213693106","49902866","2","夫婦と子供世帯","3","0","114467441","68","0","男性","10","夫・男親","90","Ｉ 卸売業，小売業","20","短時間労働者","1000","1000人以上","76400"
"47","沖縄県","47356","島尻郡渡名喜村","47356001000","","26.369950269098112","127.14157213693106","49902866","2","夫婦と子供世帯","3","0","114467442","61","1","女性","11","妻・女親","130","Ｍ 宿泊業，飲食サービス業","20","短時間労働者","10","10～99人","60000"
"47","沖縄県","47356","島尻郡渡名喜村","47356001000","","26.369950269098112","127.14157213693106","49902866","2","夫婦と子供世帯","3","0","114467443","12","0","男性","20","子供（男性）","","","","","","",""
"47","沖縄県","47356","島尻郡渡名喜村","47356001000","","26.371185085390522","127.14562508179945","49902867","2","夫婦と子供世帯","3","0","114467444","30","0","男性","10","夫・男親","170","Ｑ 複合サービス事業","10","一般労働者","1000","1000人以上","249400"
"47","沖縄県","47356","島尻郡渡名喜村","47356001000","","26.371185085390522","127.14562508179945","49902867","2","夫婦と子供世帯","3","0","114467445","49","1","女性","11","妻・女親","130","Ｍ 宿泊業，飲食サービス業","10","一般労働者","10","10～99人","196200"
"47","沖縄県","47356","島尻郡渡名喜村","47356001000","","26.371185085390522","127.14562508179945","49902867","2","夫婦と子供世帯","3","0","114467446","5","1","女性","21","子供（女性）","","","","","","",""
"47","沖縄県","47356","島尻郡渡名喜村","47356001000","","26.363056106","127.13908095249998","49902868","2","夫婦と子供世帯","3","0","114467447","67","0","男性","10","夫・男親","190","Ｓ 公務（他に分類されるものを除く）","","","","","0"
"47","沖縄県","47356","島尻郡渡名喜村","47356001000","","26.363056106","127.13908095249998","49902868","2","夫婦と子供世帯","3","0","114467448","27","1","女性","11","妻・女親","160","Ｐ 医療，福祉","10","一般労働者","10","10～99人","153100"
"47","沖縄県","47356","島尻郡渡名喜村","47356001000","","26.363056106","127.13908095249998","49902868","2","夫婦と子供世帯","3","0","114467449","2","0","男性","20","子供（男性）","","","","","","",""
"47","沖縄県","47356","島尻郡渡名喜村","47356001000","","26.3718483945","127.14332855249998","49902869","2","夫婦と子供世帯","3","0","114467450","85","0","男性","10","夫・男親","","","","","","",""
"47","沖縄県","47356","島尻郡渡名喜村","47356001000","","26.3718483945","127.14332855249998","49902869","2","夫婦と子供世帯","3","0","114467451","81","1","女性","11","妻・女親","","","","","","",""
"47","沖縄県","47356","島尻郡渡名喜村","47356001000","","26.3718483945","127.14332855249998","49902869","2","夫婦と子供世帯","3","0","114467452","65","0","男性","20","子供（男性）","40","Ｄ 建設業","20","短時間労働者","10","10～99人","140000"
"47","沖縄県","47356","島尻郡渡名喜村","47356001000","","26.37061972694638","127.14189922863001","49902870","2","夫婦と子供世帯","3","0","114467453","52","0","男性","10","夫・男親","150","Ｏ 教育，学習支援業","10","一般労働者","100","100～999人","370400"
"47","沖縄県","47356","島尻郡渡名喜村","47356001000","","26.37061972694638","127.14189922863001","49902870","2","夫婦と子供世帯","3","0","114467454","50","1","女性","11","妻・女親","50","Ｅ 製造業","20","短時間労働者","10","10～99人","85800"
"47","沖縄県","47356","島尻郡渡名喜村","47356001000","","26.37061972694638","127.14189922863001","49902870","2","夫婦と子供世帯","3","0","114467455","9","0","男性","20","子供（男性）","","","","","","",""
"47","沖縄県","47356","島尻郡渡名喜村","47356001000","","26.372550346383562","127.14084909909428","49902871","2","夫婦と子供世帯","3","0","114467456","36","0","男性","10","夫・男親","20","Ｂ 漁業","","","","","0"
"47","沖縄県","47356","島尻郡渡名喜村","47356001000","","26.372550346383562","127.14084909909428","49902871","2","夫婦と子供世帯","3","0","114467457","36","1","女性","11","妻・女親","190","Ｓ 公務（他に分類されるものを除く）","","","","","0"
"47","沖縄県","47356","島尻郡渡名喜村","47356001000","","26.372550346383562","127.14084909909428","49902871","2","夫婦と子供世帯","3","0","114467458","3","1","女性","21","子供（女性）","","","","","","",""
"47","沖縄県","47356","島尻郡渡名喜村","47356001000","","26.37169188405293","127.14121736558322","49902872","2","夫婦と子供世帯","3","0","114467459","32","0","男性","10","夫・男親","190","Ｓ 公務（他に分類されるものを除く）","","","","","0"
"47","沖縄県","47356","島尻郡渡名喜村","47356001000","","26.37169188405293","127.14121736558322","49902872","2","夫婦と子供世帯","3","0","114467460","31","1","女性","11","妻・女親","","","","","","",""
"47","沖縄県","47356","島尻郡渡名喜村","47356001000","","26.37169188405293","127.14121736558322","49902872","2","夫婦と子供世帯","3","0","114467461","6","1","女性","21","子供（女性）","","","","","","",""
"47","沖縄県","47356","島尻郡渡名喜村","47356001000","","26.3736290805","127.1413463865","49902873","2","夫婦と子供世帯","3","0","114467462","20","0","男性","10","夫・男親","40","Ｄ 建設業","10","一般労働者","100","100～999人","203800"
"47","沖縄県","47356","島尻郡渡名喜村","47356001000","","26.3736290805","127.1413463865","49902873","2","夫婦と子供世帯","3","0","114467463","28","1","女性","11","妻・女親","160","Ｐ 医療，福祉","10","一般労働者","10","10～99人","136000"
"47","沖縄県","47356","島尻郡渡名喜村","47356001000","","26.3736290805","127.1413463865","49902873","2","夫婦と子供世帯","3","0","114467464","0","0","男性","20","子供（男性）","","","","","","",""
"47","沖縄県","47356","島尻郡渡名喜村","47356001000","","26.37051465418581","127.14372030006552","49902874","2","夫婦と子供世帯","3","0","114467465","42","0","男性","10","夫・男親","190","Ｓ 公務（他に分類されるものを除く）","","","","","0"
"47","沖縄県","47356","島尻郡渡名喜村","47356001000","","26.37051465418581","127.14372030006552","49902874","2","夫婦と子供世帯","3","0","114467466","40","1","女性","11","妻・女親","40","Ｄ 建設業","10","一般労働者","10","10～99人","168800"
"47","沖縄県","47356","島尻郡渡名喜村","47356001000","","26.37051465418581","127.14372030006552","49902874","2","夫婦と子供世帯","3","0","114467467","5","0","男性","20","子供（男性）","","","","","","",""
"47","沖縄県","47356","島尻郡渡名喜村","47356001000","","26.374908146408437","127.14253800392002","49902875","2","夫婦と子供世帯","3","0","114467468","83","0","男性","10","夫・男親","10","Ａ 農業，林業","","","","","0"
"47","沖縄県","47356","島尻郡渡名喜村","47356001000","","26.374908146408437","127.14253800392002","49902875","2","夫婦と子供世帯","3","0","114467469","65","1","女性","11","妻・女親","150","Ｏ 教育，学習支援業","10","一般労働者","10","10～99人","230100"
"47","沖縄県","47356","島尻郡渡名喜村","47356001000","","26.374908146408437","127.14253800392002","49902875","2","夫婦と子供世帯","3","0","114467470","40","0","男性","20","子供（男性）","190","Ｓ 公務（他に分類されるものを除く）","","","","","0"
"47","沖縄県","47356","島尻郡渡名喜村","47356001000","","26.371427416290956","127.1435010072729","49902876","2","夫婦と子供世帯","3","0","114467471","40","0","男性","10","夫・男親","40","Ｄ 建設業","10","一般労働者","5","5～9人","314100"
"47","沖縄県","47356","島尻郡渡名喜村","47356001000","","26.371427416290956","127.1435010072729","49902876","2","夫婦と子供世帯","3","0","114467472","39","1","女性","11","妻・女親","50","Ｅ 製造業","20","短時間労働者","100","100～999人","83300"
"47","沖縄県","47356","島尻郡渡名喜村","47356001000","","26.371427416290956","127.1435010072729","49902876","2","夫婦と子供世帯","3","0","114467473","10","0","男性","20","子供（男性）","","","","","","",""
"47","沖縄県","47356","島尻郡渡名喜村","47356001000","","26.37375472219555","127.14219513853949","49902877","2","夫婦と子供世帯","3","0","114467474","22","0","男性","10","夫・男親","","","","","","",""
"47","沖縄県","47356","島尻郡渡名喜村","47356001000","","26.37375472219555","127.14219513853949","49902877","2","夫婦と子供世帯","3","0","114467475","30","1","女性","11","妻・女親","190","Ｓ 公務（他に分類されるものを除く）","","","","","0"
"47","沖縄県","47356","島尻郡渡名喜村","47356001000","","26.37375472219555","127.14219513853949","49902877","2","夫婦と子供世帯","3","0","114467476","2","0","男性","20","子供（男性）","","","","","","",""
"47","沖縄県","47356","島尻郡渡名喜村","47356001000","","26.36962826107544","127.14602154257985","49902878","2","夫婦と子供世帯","3","0","114467477","39","0","男性","10","夫・男親","90","Ｉ 卸売業，小売業","10","一般労働者","100","100～999人","298900"
"47","沖縄県","47356","島尻郡渡名喜村","47356001000","","26.36962826107544","127.14602154257985","49902878","2","夫婦と子供世帯","3","0","114467478","38","1","女性","11","妻・女親","190","Ｓ 公務（他に分類されるものを除く）","","","","","0"
"47","沖縄県","47356","島尻郡渡名喜村","47356001000","","26.36962826107544","127.14602154257985","49902878","2","夫婦と子供世帯","3","0","114467479","1","1","女性","21","子供（女性）","","","","","","",""
"47","沖縄県","47356","島尻郡渡名喜村","47356001000","","26.355803914704573","127.14847692310201","49902879","2","夫婦と子供世帯","3","0","114467480","86","0","男性","10","夫・男親","","","","","","",""
"47","沖縄県","47356","島尻郡渡名喜村","47356001000","","26.355803914704573","127.14847692310201","49902879","2","夫婦と子供世帯","3","0","114467481","85","1","女性","11","妻・女親","","","","","","",""
"47","沖縄県","47356","島尻郡渡名喜村","47356001000","","26.355803914704573","127.14847692310201","49902879","2","夫婦と子供世帯","3","0","114467482","48","0","男性","20","子供（男性）","150","Ｏ 教育，学習支援業","10","一般労働者","1000","1000人以上","406500"
"47","沖縄県","47356","島尻郡渡名喜村","47356001000","","26.370050004992372","127.14347039288434","49902880","2","夫婦と子供世帯","4","0","114467483","62","0","男性","10","夫・男親","40","Ｄ 建設業","10","一般労働者","10","10～99人","275300"
"47","沖縄県","47356","島尻郡渡名喜村","47356001000","","26.370050004992372","127.14347039288434","49902880","2","夫婦と子供世帯","4","0","114467484","60","1","女性","11","妻・女親","140","Ｎ 生活関連サービス業，娯楽業","20","短時間労働者","100","100～999人","65600"
"47","沖縄県","47356","島尻郡渡名喜村","47356001000","","26.370050004992372","127.14347039288434","49902880","2","夫婦と子供世帯","4","0","114467485","7","0","男性","20","子供（男性）","","","","","","",""
"47","沖縄県","47356","島尻郡渡名喜村","47356001000","","26.370050004992372","127.14347039288434","49902880","2","夫婦と子供世帯","4","0","114467486","13","0","男性","20","子供（男性）","","","","","","",""
"47","沖縄県","47356","島尻郡渡名喜村","47356001000","","26.369588633529208","127.14225268318042","49902881","2","夫婦と子供世帯","4","0","114467487","69","0","男性","10","夫・男親","","","","","","",""
"47","沖縄県","47356","島尻郡渡名喜村","47356001000","","26.369588633529208","127.14225268318042","49902881","2","夫婦と子供世帯","4","0","114467488","68","1","女性","11","妻・女親","130","Ｍ 宿泊業，飲食サービス業","20","短時間労働者","10","10～99人","78100"
"47","沖縄県","47356","島尻郡渡名喜村","47356001000","","26.369588633529208","127.14225268318042","49902881","2","夫婦と子供世帯","4","0","114467489","30","0","男性","20","子供（男性）","190","Ｓ 公務（他に分類されるものを除く）","","","","","0"
"47","沖縄県","47356","島尻郡渡名喜村","47356001000","","26.369588633529208","127.14225268318042","49902881","2","夫婦と子供世帯","4","0","114467490","36","0","男性","20","子供（男性）","50","Ｅ 製造業","10","一般労働者","10","10～99人","218400"
"47","沖縄県","47356","島尻郡渡名喜村","47356001000","","26.371544200210828","127.1407944165275","49902882","2","夫婦と子供世帯","4","0","114467491","56","0","男性","10","夫・男親","60","Ｆ 電気・ガス・熱供給・水道業","10","一般労働者","1000","1000人以上","675100"
"47","沖縄県","47356","島尻郡渡名喜村","47356001000","","26.371544200210828","127.1407944165275","49902882","2","夫婦と子供世帯","4","0","114467492","65","1","女性","11","妻・女親","180","Ｒ サービス業（他に分類されないもの）","20","短時間労働者","1000","1000人以上","89200"
"47","沖縄県","47356","島尻郡渡名喜村","47356001000","","26.371544200210828","127.1407944165275","49902882","2","夫婦と子供世帯","4","0","114467493","13","0","男性","20","子供（男性）","","","","","","",""
"47","沖縄県","47356","島尻郡渡名喜村","47356001000","","26.371544200210828","127.1407944165275","49902882","2","夫婦と子供世帯","4","0","114467494","34","1","女性","21","子供（女性）","190","Ｓ 公務（他に分類されるものを除く）","","","","","0"
"47","沖縄県","47356","島尻郡渡名喜村","47356001000","","26.376118784690355","127.14225010518302","49902883","2","夫婦と子供世帯","4","0","114467495","25","0","男性","10","夫・男親","40","Ｄ 建設業","10","一般労働者","10","10～99人","198600"
"47","沖縄県","47356","島尻郡渡名喜村","47356001000","","26.376118784690355","127.14225010518302","49902883","2","夫婦と子供世帯","4","0","114467496","34","1","女性","11","妻・女親","190","Ｓ 公務（他に分類されるものを除く）","","","","","0"
"47","沖縄県","47356","島尻郡渡名喜村","47356001000","","26.376118784690355","127.14225010518302","49902883","2","夫婦と子供世帯","4","0","114467497","0","1","女性","21","子供（女性）","","","","","","",""
"47","沖縄県","47356","島尻郡渡名喜村","47356001000","","26.376118784690355","127.14225010518302","49902883","2","夫婦と子供世帯","4","0","114467498","5","0","男性","20","子供（男性）","","","","","","",""
"47","沖縄県","47356","島尻郡渡名喜村","47356001000","","26.370728618769288","127.14100123112455","49902884","2","夫婦と子供世帯","4","0","114467499","78","0","男性","10","夫・男親","","","","","","",""
"47","沖縄県","47356","島尻郡渡名喜村","47356001000","","26.370728618769288","127.14100123112455","49902884","2","夫婦と子供世帯","4","0","114467500","78","1","女性","11","妻・女親","","","","","","",""
"47","沖縄県","47356","島尻郡渡名喜村","47356001000","","26.370728618769288","127.14100123112455","49902884","2","夫婦と子供世帯","4","0","114467501","34","0","男性","20","子供（男性）","40","Ｄ 建設業","10","一般労働者","10","10～99人","219000"
"47","沖縄県","47356","島尻郡渡名喜村","47356001000","","26.370728618769288","127.14100123112455","49902884","2","夫婦と子供世帯","4","0","114467502","48","0","男性","20","子供（男性）","40","Ｄ 建設業","10","一般労働者","5","5～9人","236000"
"47","沖縄県","47356","島尻郡渡名喜村","47356001000","","26.370438123049777","127.14598587162696","49902885","2","夫婦と子供世帯","5","0","114467503","77","0","男性","10","夫・男親","","","","","","",""
"47","沖縄県","47356","島尻郡渡名喜村","47356001000","","26.370438123049777","127.14598587162696","49902885","2","夫婦と子供世帯","5","0","114467504","81","1","女性","11","妻・女親","","","","","","",""
"47","沖縄県","47356","島尻郡渡名喜村","47356001000","","26.370438123049777","127.14598587162696","49902885","2","夫婦と子供世帯","5","0","114467505","52","0","男性","20","子供（男性）","20","Ｂ 漁業","","","","","0"
"47","沖縄県","47356","島尻郡渡名喜村","47356001000","","26.370438123049777","127.14598587162696","49902885","2","夫婦と子供世帯","5","0","114467506","57","0","男性","20","子供（男性）","40","Ｄ 建設業","10","一般労働者","10","10～99人","310500"
"47","沖縄県","47356","島尻郡渡名喜村","47356001000","","26.370438123049777","127.14598587162696","49902885","2","夫婦と子供世帯","5","0","114467507","52","0","男性","20","子供（男性）","40","Ｄ 建設業","10","一般労働者","5","5～9人","285400"
"47","沖縄県","47356","島尻郡渡名喜村","47356001000","","26.371914387452296","127.14271184679913","49902886","2","夫婦と子供世帯","5","0","114467508","36","0","男性","10","夫・男親","190","Ｓ 公務（他に分類されるものを除く）","","","","","0"
"47","沖縄県","47356","島尻郡渡名喜村","47356001000","","26.371914387452296","127.14271184679913","49902886","2","夫婦と子供世帯","5","0","114467509","37","1","女性","11","妻・女親","40","Ｄ 建設業","10","一般労働者","10","10～99人","223400"
"47","沖縄県","47356","島尻郡渡名喜村","47356001000","","26.371914387452296","127.14271184679913","49902886","2","夫婦と子供世帯","5","0","114467510","4","1","女性","21","子供（女性）","","","","","","",""
"47","沖縄県","47356","島尻郡渡名喜村","47356001000","","26.371914387452296","127.14271184679913","49902886","2","夫婦と子供世帯","5","0","114467511","7","0","男性","20","子供（男性）","","","","","","",""
"47","沖縄県","47356","島尻郡渡名喜村","47356001000","","26.371914387452296","127.14271184679913","49902886","2","夫婦と子供世帯","5","0","114467512","10","1","女性","21","子供（女性）","","","","","","",""
"47","沖縄県","47356","島尻郡渡名喜村","47356001000","","26.371157119901948","127.14344888777381","49902887","2","夫婦と子供世帯","5","0","114467513","92","0","男性","10","夫・男親","","","","","","",""
"47","沖縄県","47356","島尻郡渡名喜村","47356001000","","26.371157119901948","127.14344888777381","49902887","2","夫婦と子供世帯","5","0","114467514","91","1","女性","11","妻・女親","","","","","","",""
"47","沖縄県","47356","島尻郡渡名喜村","47356001000","","26.371157119901948","127.14344888777381","49902887","2","夫婦と子供世帯","5","0","114467515","75","1","女性","21","子供（女性）","150","Ｏ 教育，学習支援業","20","短時間労働者","100","100～999人","61500"
"47","沖縄県","47356","島尻郡渡名喜村","47356001000","","26.371157119901948","127.14344888777381","49902887","2","夫婦と子供世帯","5","0","114467516","57","0","男性","20","子供（男性）","40","Ｄ 建設業","10","一般労働者","10","10～99人","295000"
"47","沖縄県","47356","島尻郡渡名喜村","47356001000","","26.371157119901948","127.14344888777381","49902887","2","夫婦と子供世帯","5","0","114467517","73","0","男性","20","子供（男性）","","","","","","",""
"47","沖縄県","47356","島尻郡渡名喜村","47356001000","","26.37197905720667","127.14256406685948","49902888","2","夫婦と子供世帯","5","0","114467518","84","0","男性","10","夫・男親","20","Ｂ 漁業","","","","","0"
"47","沖縄県","47356","島尻郡渡名喜村","47356001000","","26.37197905720667","127.14256406685948","49902888","2","夫婦と子供世帯","5","0","114467519","83","1","女性","11","妻・女親","","","","","","",""
"47","沖縄県","47356","島尻郡渡名喜村","47356001000","","26.37197905720667","127.14256406685948","49902888","2","夫婦と子供世帯","5","0","114467520","38","0","男性","20","子供（男性）","40","Ｄ 建設業","10","一般労働者","100","100～999人","347100"
"47","沖縄県","47356","島尻郡渡名喜村","47356001000","","26.37197905720667","127.14256406685948","49902888","2","夫婦と子供世帯","5","0","114467521","62","0","男性","20","子供（男性）","40","Ｄ 建設業","10","一般労働者","10","10～99人","298100"
"47","沖縄県","47356","島尻郡渡名喜村","47356001000","","26.37197905720667","127.14256406685948","49902888","2","夫婦と子供世帯","5","0","114467522","47","1","女性","21","子供（女性）","160","Ｐ 医療，福祉","10","一般労働者","100","100～999人","216800"
"47","沖縄県","47356","島尻郡渡名喜村","47356001000","","26.372507237568037","127.14244643164368","49902889","2","夫婦と子供世帯","6","0","114467523","39","0","男性","10","夫・男親","190","Ｓ 公務（他に分類されるものを除く）","","","","","0"
"47","沖縄県","47356","島尻郡渡名喜村","47356001000","","26.372507237568037","127.14244643164368","49902889","2","夫婦と子供世帯","6","0","114467524","46","1","女性","11","妻・女親","40","Ｄ 建設業","10","一般労働者","10","10～99人","190400"
"47","沖縄県","47356","島尻郡渡名喜村","47356001000","","26.372507237568037","127.14244643164368","49902889","2","夫婦と子供世帯","6","0","114467525","7","1","女性","21","子供（女性）","","","","","","",""
"47","沖縄県","47356","島尻郡渡名喜村","47356001000","","26.372507237568037","127.14244643164368","49902889","2","夫婦と子供世帯","6","0","114467526","12","1","女性","21","子供（女性）","","","","","","",""
"47","沖縄県","47356","島尻郡渡名喜村","47356001000","","26.372507237568037","127.14244643164368","49902889","2","夫婦と子供世帯","6","0","114467527","6","0","男性","20","子供（男性）","","","","","","",""
"47","沖縄県","47356","島尻郡渡名喜村","47356001000","","26.372507237568037","127.14244643164368","49902889","2","夫婦と子供世帯","6","0","114467528","10","1","女性","21","子供（女性）","","","","","","",""
"47","沖縄県","47356","島尻郡渡名喜村","47356001000","","26.36985014551812","127.14638358414474","49902890","2","夫婦と子供世帯","6","0","114467529","52","0","男性","10","夫・男親","190","Ｓ 公務（他に分類されるものを除く）","","","","","0"
"47","沖縄県","47356","島尻郡渡名喜村","47356001000","","26.36985014551812","127.14638358414474","49902890","2","夫婦と子供世帯","6","0","114467530","42","1","女性","11","妻・女親","190","Ｓ 公務（他に分類されるものを除く）","","","","","0"
"47","沖縄県","47356","島尻郡渡名喜村","47356001000","","26.36985014551812","127.14638358414474","49902890","2","夫婦と子供世帯","6","0","114467531","7","0","男性","20","子供（男性）","","","","","","",""
"47","沖縄県","47356","島尻郡渡名喜村","47356001000","","26.36985014551812","127.14638358414474","49902890","2","夫婦と子供世帯","6","0","114467532","17","1","女性","21","子供（女性）","","","","","","",""
"47","沖縄県","47356","島尻郡渡名喜村","47356001000","","26.36985014551812","127.14638358414474","49902890","2","夫婦と子供世帯","6","0","114467533","9","0","男性","20","子供（男性）","","","","","","",""
"47","沖縄県","47356","島尻郡渡名喜村","47356001000","","26.36985014551812","127.14638358414474","49902890","2","夫婦と子供世帯","6","0","114467534","7","0","男性","20","子供（男性）","","","","","","",""
"47","沖縄県","47356","島尻郡渡名喜村","47356001000","","26.370233588923067","127.14107242925317","49902891","2","夫婦と子供世帯","6","0","114467535","65","0","男性","10","夫・男親","20","Ｂ 漁業","","","","","0"
"47","沖縄県","47356","島尻郡渡名喜村","47356001000","","26.370233588923067","127.14107242925317","49902891","2","夫婦と子供世帯","6","0","114467536","41","1","女性","11","妻・女親","160","Ｐ 医療，福祉","10","一般労働者","10","10～99人","153000"
"47","沖縄県","47356","島尻郡渡名喜村","47356001000","","26.370233588923067","127.14107242925317","49902891","2","夫婦と子供世帯","6","0","114467537","7","0","男性","20","子供（男性）","","","","","","",""
"47","沖縄県","47356","島尻郡渡名喜村","47356001000","","26.370233588923067","127.14107242925317","49902891","2","夫婦と子供世帯","6","0","114467538","3","0","男性","20","子供（男性）","","","","","","",""
"47","沖縄県","47356","島尻郡渡名喜村","47356001000","","26.370233588923067","127.14107242925317","49902891","2","夫婦と子供世帯","6","0","114467539","18","1","女性","21","子供（女性）","130","Ｍ 宿泊業，飲食サービス業","30","臨時労働者","1000","1000人以上","29100"
"47","沖縄県","47356","島尻郡渡名喜村","47356001000","","26.370233588923067","127.14107242925317","49902891","2","夫婦と子供世帯","6","0","114467540","5","0","男性","20","子供（男性）","","","","","","",""
"47","沖縄県","47356","島尻郡渡名喜村","47356001000","","26.370178037035522","127.14543371209709","49902892","3","男親と子供","2","0","114467541","73","0","男性","10","夫・男親","","","","","","",""
"47","沖縄県","47356","島尻郡渡名喜村","47356001000","","26.370178037035522","127.14543371209709","49902892","3","男親と子供","2","0","114467542","43","0","男性","20","子供（男性）","190","Ｓ 公務（他に分類されるものを除く）","","","","","0"
"47","沖縄県","47356","島尻郡渡名喜村","47356001000","","26.375590290999998","127.14313723400001","49902893","3","男親と子供","2","0","114467543","80","0","男性","10","夫・男親","20","Ｂ 漁業","","","","","0"
"47","沖縄県","47356","島尻郡渡名喜村","47356001000","","26.375590290999998","127.14313723400001","49902893","3","男親と子供","2","0","114467544","58","0","男性","20","子供（男性）","40","Ｄ 建設業","10","一般労働者","10","10～99人","350500"
"47","沖縄県","47356","島尻郡渡名喜村","47356001000","","26.370048431911187","127.14275821999931","49902894","3","男親と子供","2","0","114467545","60","0","男性","10","夫・男親","40","Ｄ 建設業","10","一般労働者","10","10～99人","285900"
"47","沖縄県","47356","島尻郡渡名喜村","47356001000","","26.370048431911187","127.14275821999931","49902894","3","男親と子供","2","0","114467546","32","0","男性","20","子供（男性）","80","Ｈ 運輸業，郵便業","10","一般労働者","1000","1000人以上","240700"
"47","沖縄県","47356","島尻郡渡名喜村","47356001000","","26.37178551151573","127.14331405586088","49902895","4","女親と子供","2","0","114467547","58","1","女性","11","妻・女親","170","Ｑ 複合サービス事業","10","一般労働者","1000","1000人以上","299900"
"47","沖縄県","47356","島尻郡渡名喜村","47356001000","","26.37178551151573","127.14331405586088","49902895","4","女親と子供","2","0","114467548","21","0","男性","20","子供（男性）","40","Ｄ 建設業","10","一般労働者","5","5～9人","117700"
"47","沖縄県","47356","島尻郡渡名喜村","47356001000","","26.371849327999996","127.141227221","49902896","4","女親と子供","2","0","114467549","83","1","女性","11","妻・女親","","","","","","",""
"47","沖縄県","47356","島尻郡渡名喜村","47356001000","","26.371849327999996","127.141227221","49902896","4","女親と子供","2","0","114467550","55","0","男性","20","子供（男性）","40","Ｄ 建設業","10","一般労働者","10","10～99人","266400"
"47","沖縄県","47356","島尻郡渡名喜村","47356001000","","26.371622330916747","127.14293322217827","49902897","4","女親と子供","2","0","114467551","84","1","女性","11","妻・女親","","","","","","",""
"47","沖縄県","47356","島尻郡渡名喜村","47356001000","","26.371622330916747","127.14293322217827","49902897","4","女親と子供","2","0","114467552","48","0","男性","20","子供（男性）","190","Ｓ 公務（他に分類されるものを除く）","","","","","0"
"47","沖縄県","47356","島尻郡渡名喜村","47356001000","","26.369917318538388","127.14212262078577","49902898","4","女親と子供","2","0","114467553","77","1","女性","11","妻・女親","","","","","","",""
"47","沖縄県","47356","島尻郡渡名喜村","47356001000","","26.369917318538388","127.14212262078577","49902898","4","女親と子供","2","0","114467554","55","0","男性","20","子供（男性）","20","Ｂ 漁業","","","","","0"
"47","沖縄県","47356","島尻郡渡名喜村","47356001000","","26.370806234303743","127.14571279849837","49902899","4","女親と子供","2","0","114467555","85","1","女性","11","妻・女親","","","","","","",""
"47","沖縄県","47356","島尻郡渡名喜村","47356001000","","26.370806234303743","127.14571279849837","49902899","4","女親と子供","2","0","114467556","59","0","男性","20","子供（男性）","130","Ｍ 宿泊業，飲食サービス業","20","短時間労働者","10","10～99人","66900"
"47","沖縄県","47356","島尻郡渡名喜村","47356001000","","26.370179953340372","127.14379472790336","49902900","4","女親と子供","2","0","114467557","70","1","女性","11","妻・女親","150","Ｏ 教育，学習支援業","20","短時間労働者","100","100～999人","64300"
"47","沖縄県","47356","島尻郡渡名喜村","47356001000","","26.370179953340372","127.14379472790336","49902900","4","女親と子供","2","0","114467558","45","0","男性","20","子供（男性）","190","Ｓ 公務（他に分類されるものを除く）","","","","","0"
"47","沖縄県","47356","島尻郡渡名喜村","47356001000","","26.370416019999997","127.14562259250002","49902901","4","女親と子供","2","0","114467559","79","1","女性","11","妻・女親","","","","","","",""
"47","沖縄県","47356","島尻郡渡名喜村","47356001000","","26.370416019999997","127.14562259250002","49902901","4","女親と子供","2","0","114467560","44","0","男性","20","子供（男性）","10","Ａ 農業，林業","","","","","0"
"47","沖縄県","47356","島尻郡渡名喜村","47356001000","","26.37088162441898","127.14290175958885","49902902","4","女親と子供","2","0","114467561","43","1","女性","11","妻・女親","150","Ｏ 教育，学習支援業","10","一般労働者","1000","1000人以上","265400"
"47","沖縄県","47356","島尻郡渡名喜村","47356001000","","26.37088162441898","127.14290175958885","49902902","4","女親と子供","2","0","114467562","7","1","女性","21","子供（女性）","","","","","","",""
"47","沖縄県","47356","島尻郡渡名喜村","47356001000","","26.3711970595","127.143192916","49902903","4","女親と子供","2","0","114467563","63","1","女性","11","妻・女親","","","","","","",""
"47","沖縄県","47356","島尻郡渡名喜村","47356001000","","26.3711970595","127.143192916","49902903","4","女親と子供","2","0","114467564","20","1","女性","21","子供（女性）","190","Ｓ 公務（他に分類されるものを除く）","","","","","0"
"47","沖縄県","47356","島尻郡渡名喜村","47356001000","","26.370732103938508","127.142409723061","49902904","4","女親と子供","2","0","114467565","81","1","女性","11","妻・女親","","","","","","",""
"47","沖縄県","47356","島尻郡渡名喜村","47356001000","","26.370732103938508","127.142409723061","49902904","4","女親と子供","2","0","114467566","48","0","男性","20","子供（男性）","","","","","","",""
"47","沖縄県","47356","島尻郡渡名喜村","47356001000","","26.370879317223892","127.14526922241473","49902905","4","女親と子供","2","0","114467567","80","1","女性","11","妻・女親","","","","","","",""
"47","沖縄県","47356","島尻郡渡名喜村","47356001000","","26.370879317223892","127.14526922241473","49902905","4","女親と子供","2","0","114467568","48","0","男性","20","子供（男性）","","","","","","",""
"47","沖縄県","47356","島尻郡渡名喜村","47356001000","","26.370151544159498","127.14142480178371","49902906","4","女親と子供","2","0","114467569","38","1","女性","11","妻・女親","190","Ｓ 公務（他に分類されるものを除く）","","","","","0"
"47","沖縄県","47356","島尻郡渡名喜村","47356001000","","26.370151544159498","127.14142480178371","49902906","4","女親と子供","2","0","114467570","13","1","女性","21","子供（女性）","","","","","","",""
"47","沖縄県","47356","島尻郡渡名喜村","47356001000","","26.370188069889497","127.14113591691148","49902907","4","女親と子供","2","0","114467571","68","1","女性","11","妻・女親","130","Ｍ 宿泊業，飲食サービス業","20","短時間労働者","1000","1000人以上","88900"
"47","沖縄県","47356","島尻郡渡名喜村","47356001000","","26.370188069889497","127.14113591691148","49902907","4","女親と子供","2","0","114467572","34","0","男性","20","子供（男性）","60","Ｆ 電気・ガス・熱供給・水道業","10","一般労働者","1000","1000人以上","431700"
"47","沖縄県","47356","島尻郡渡名喜村","47356001000","","26.370608798871853","127.1458550228555","49902908","4","女親と子供","2","0","114467573","84","1","女性","11","妻・女親","","","","","","",""
"47","沖縄県","47356","島尻郡渡名喜村","47356001000","","26.370608798871853","127.1458550228555","49902908","4","女親と子供","2","0","114467574","64","0","男性","20","子供（男性）","20","Ｂ 漁業","","","","","0"
"47","沖縄県","47356","島尻郡渡名喜村","47356001000","","26.370326390962187","127.1405680264968","49902909","4","女親と子供","2","0","114467575","87","1","女性","11","妻・女親","","","","","","",""
"47","沖縄県","47356","島尻郡渡名喜村","47356001000","","26.370326390962187","127.1405680264968","49902909","4","女親と子供","2","0","114467576","64","0","男性","20","子供（男性）","190","Ｓ 公務（他に分類されるものを除く）","","","","","0"
"47","沖縄県","47356","島尻郡渡名喜村","47356001000","","26.3718363155","127.14297324900001","49902910","4","女親と子供","2","0","114467577","25","1","女性","11","妻・女親","40","Ｄ 建設業","10","一般労働者","10","10～99人","188900"
"47","沖縄県","47356","島尻郡渡名喜村","47356001000","","26.3718363155","127.14297324900001","49902910","4","女親と子供","2","0","114467578","10","0","男性","20","子供（男性）","","","","","","",""
"47","沖縄県","47356","島尻郡渡名喜村","47356001000","","26.370180004946377","127.14259422863002","49902911","4","女親と子供","2","0","114467579","88","1","女性","11","妻・女親","","","","","","",""
"47","沖縄県","47356","島尻郡渡名喜村","47356001000","","26.370180004946377","127.14259422863002","49902911","4","女親と子供","2","0","114467580","55","0","男性","20","子供（男性）","40","Ｄ 建設業","10","一般労働者","5","5～9人","212500"
"47","沖縄県","47356","島尻郡渡名喜村","47356001000","","26.3698131945","127.14156125","49902912","4","女親と子供","2","0","114467581","78","1","女性","11","妻・女親","140","Ｎ 生活関連サービス業，娯楽業","20","短時間労働者","1000","1000人以上","158100"
"47","沖縄県","47356","島尻郡渡名喜村","47356001000","","26.3698131945","127.14156125","49902912","4","女親と子供","2","0","114467582","48","1","女性","21","子供（女性）","60","Ｆ 電気・ガス・熱供給・水道業","10","一般労働者","100","100～999人","213100"
"47","沖縄県","47356","島尻郡渡名喜村","47356001000","","26.370257663530115","127.1427405583162","49902913","4","女親と子供","3","0","114467583","98","1","女性","11","妻・女親","","","","","","",""
"47","沖縄県","47356","島尻郡渡名喜村","47356001000","","26.370257663530115","127.1427405583162","49902913","4","女親と子供","3","0","114467584","64","0","男性","20","子供（男性）","190","Ｓ 公務（他に分類されるものを除く）","","","","","0"
"47","沖縄県","47356","島尻郡渡名喜村","47356001000","","26.370257663530115","127.1427405583162","49902913","4","女親と子供","3","0","114467585","77","1","女性","21","子供（女性）","10","Ａ 農業，林業","","","","","0"
"47","沖縄県","47356","島尻郡渡名喜村","47356001000","","26.370739719240618","127.14347838169022","49902914","4","女親と子供","3","0","114467586","87","1","女性","11","妻・女親","","","","","","",""
"47","沖縄県","47356","島尻郡渡名喜村","47356001000","","26.370739719240618","127.14347838169022","49902914","4","女親と子供","3","0","114467587","11","1","女性","21","子供（女性）","","","","","","",""
"47","沖縄県","47356","島尻郡渡名喜村","47356001000","","26.370739719240618","127.14347838169022","49902914","4","女親と子供","3","0","114467588","56","0","男性","20","子供（男性）","","","","","","",""
"47","沖縄県","47356","島尻郡渡名喜村","47356001000","","26.370027559103157","127.14189925650231","49902915","4","女親と子供","5","0","114467589","89","1","女性","11","妻・女親","","","","","","",""
"47","沖縄県","47356","島尻郡渡名喜村","47356001000","","26.370027559103157","127.14189925650231","49902915","4","女親と子供","5","0","114467590","57","0","男性","20","子供（男性）","190","Ｓ 公務（他に分類されるものを除く）","","","","","0"
"47","沖縄県","47356","島尻郡渡名喜村","47356001000","","26.370027559103157","127.14189925650231","49902915","4","女親と子供","5","0","114467591","57","0","男性","20","子供（男性）","170","Ｑ 複合サービス事業","10","一般労働者","1000","1000人以上","400900"
"47","沖縄県","47356","島尻郡渡名喜村","47356001000","","26.370027559103157","127.14189925650231","49902915","4","女親と子供","5","0","114467592","53","1","女性","21","子供（女性）","130","Ｍ 宿泊業，飲食サービス業","10","一般労働者","100","100～999人","173300"
"47","沖縄県","47356","島尻郡渡名喜村","47356001000","","26.370027559103157","127.14189925650231","49902915","4","女親と子供","5","0","114467593","52","0","男性","20","子供（男性）","","","","","","",""
"47","沖縄県","47356","島尻郡渡名喜村","47356001000","","26.370391398499997","127.14153294649999","49902916","50","夫婦と両親（夫の親）","4","0","114467594","56","0","男性","10","夫・男親","40","Ｄ 建設業","10","一般労働者","5","5～9人","217200"
"47","沖縄県","47356","島尻郡渡名喜村","47356001000","","26.370391398499997","127.14153294649999","49902916","50","夫婦と両親（夫の親）","4","0","114467595","54","1","女性","11","妻・女親","150","Ｏ 教育，学習支援業","10","一般労働者","1000","1000人以上","365100"
"47","沖縄県","47356","島尻郡渡名喜村","47356001000","","26.370391398499997","127.14153294649999","49902916","50","夫婦と両親（夫の親）","4","0","114467596","76","0","男性","30","親（男性）","","","","","","",""
"47","沖縄県","47356","島尻郡渡名喜村","47356001000","","26.370391398499997","127.14153294649999","49902916","50","夫婦と両親（夫の親）","4","0","114467597","76","1","女性","31","親（女性）","","","","","","",""
"47","沖縄県","47356","島尻郡渡名喜村","47356001000","","26.370861778809033","127.14332446590531","49902917","60","夫婦とひとり親（夫の親）","3","0","114467598","71","0","男性","10","夫・男親","40","Ｄ 建設業","20","短時間労働者","5","5～9人","140100"
"47","沖縄県","47356","島尻郡渡名喜村","47356001000","","26.370861778809033","127.14332446590531","49902917","60","夫婦とひとり親（夫の親）","3","0","114467599","71","1","女性","11","妻・女親","40","Ｄ 建設業","20","短時間労働者","5","5～9人","52100"
"47","沖縄県","47356","島尻郡渡名喜村","47356001000","","26.370861778809033","127.14332446590531","49902917","60","夫婦とひとり親（夫の親）","3","0","114467600","90","1","女性","31","親（女性）","","","","","","",""
"47","沖縄県","47356","島尻郡渡名喜村","47356001000","","26.371127390571","127.14184406709253","49902918","80","夫婦、子供とひとり親（夫の親）","4","1","114467601","64","0","男性","10","夫・男親","40","Ｄ 建設業","10","一般労働者","5","5～9人","179800"
"47","沖縄県","47356","島尻郡渡名喜村","47356001000","","26.371127390571","127.14184406709253","49902918","80","夫婦、子供とひとり親（夫の親）","4","1","114467602","65","1","女性","11","妻・女親","130","Ｍ 宿泊業，飲食サービス業","20","短時間労働者","10","10～99人","58500"
"47","沖縄県","47356","島尻郡渡名喜村","47356001000","","26.371127390571","127.14184406709253","49902918","80","夫婦、子供とひとり親（夫の親）","4","1","114467603","88","1","女性","21","子供（女性）","","","","","","",""
"47","沖縄県","47356","島尻郡渡名喜村","47356001000","","26.371127390571","127.14184406709253","49902918","80","夫婦、子供とひとり親（夫の親）","4","1","114467604","82","1","女性","31","親（女性）","","","","","","",""
"47","沖縄県","47356","島尻郡渡名喜村","47356001000","","26.371060449454838","127.14421513767334","49902919","80","夫婦、子供とひとり親（夫の親）","5","1","114467605","54","0","男性","10","夫・男親","20","Ｂ 漁業","","","","","0"
"47","沖縄県","47356","島尻郡渡名喜村","47356001000","","26.371060449454838","127.14421513767334","49902919","80","夫婦、子供とひとり親（夫の親）","5","1","114467606","54","1","女性","11","妻・女親","170","Ｑ 複合サービス事業","10","一般労働者","1000","1000人以上","233300"
"47","沖縄県","47356","島尻郡渡名喜村","47356001000","","26.371060449454838","127.14421513767334","49902919","80","夫婦、子供とひとり親（夫の親）","5","1","114467607","11","1","女性","21","子供（女性）","","","","","","",""
"47","沖縄県","47356","島尻郡渡名喜村","47356001000","","26.371060449454838","127.14421513767334","49902919","80","夫婦、子供とひとり親（夫の親）","5","1","114467608","11","1","女性","21","子供（女性）","","","","","","",""
"47","沖縄県","47356","島尻郡渡名喜村","47356001000","","26.371060449454838","127.14421513767334","49902919","80","夫婦、子供とひとり親（夫の親）","5","1","114467609","32","0","男性","30","親（男性）","40","Ｄ 建設業","10","一般労働者","10","10～99人","272500"
